time,state,V,label
1731518287,NoFlood,8944,
1731518647,NoFlood,9120,
1731519007,NoFlood,9120,
1731519367,NoFlood,9120,
1731519727,NoFlood,9120,
1731520086,NoFlood,9120,
1731520447,NoFlood,9120,
1731520806,NoFlood,9120,
1731521167,NoFlood,9120,
1731521527,NoFlood,9120,
1731521886,NoFlood,9120,
1731522247,NoFlood,9120,
1731522606,NoFlood,9120,
1731522967,NoFlood,9120,
1731523326,NoFlood,9120,
1731523687,NoFlood,9120,
1731524046,NoFlood,9120,
1731524407,NoFlood,9120,
1731524766,NoFlood,9120,
1731525127,NoFlood,9120,
1731525486,NoFlood,9120,
1731525846,NoFlood,9120,
1731526207,NoFlood,9120,
1731526566,NoFlood,9120,
1731526927,NoFlood,9120,
1731527286,NoFlood,9120,
1731527647,NoFlood,9120,
1731528006,NoFlood,9120,
1731528366,NoFlood,9120,
1731528727,NoFlood,9120,
1731529087,NoFlood,9120,
1731529447,NoFlood,9120,
1731529807,NoFlood,9120,
1731530166,NoFlood,9120,
1731530527,NoFlood,9120,
1731530886,NoFlood,9120,
1731531246,NoFlood,9120,
1731531607,NoFlood,9120,
1731531966,NoFlood,9120,
1731532327,NoFlood,9120,
1731532686,NoFlood,9120,
1731533046,NoFlood,9120,
1731533407,NoFlood,9120,
1731533766,NoFlood,9120,
1731534127,NoFlood,9120,
1731534486,NoFlood,9120,
1731534847,NoFlood,9120,
1731535207,NoFlood,9120,
1731535566,NoFlood,9120,
1731535927,NoFlood,9120,
1731536287,NoFlood,9120,
1731536646,NoFlood,9120,
1731537004,TooDark,8960,
1731537364,TooDark,8960,
1731537725,TooDark,8960,
1731538084,TooDark,8960,
1731538444,TooDark,8960,
1731538804,TooDark,8960,
1731539164,TooDark,8960,
1731539524,TooDark,8960,
1731539884,TooDark,8960,
1731540244,TooDark,8960,
1731540604,TooDark,8960,
1731540964,TooDark,8960,
1731541324,TooDark,8960,
1731541684,TooDark,8960,
1731542044,TooDark,8960,
1731542404,TooDark,8992,
1731542764,TooDark,9056,
1731543124,TooDark,9056,
1731543484,TooDark,9056,
1731543844,TooDark,9056,
1731544205,TooDark,9056,
1731544564,TooDark,9056,
1731544924,TooDark,9056,
1731545284,TooDark,9056,
1731545644,TooDark,9056,
1731546004,TooDark,9056,
1731546364,TooDark,9056,
1731546724,TooDark,9056,
1731547084,TooDark,9056,
1731547444,TooDark,9056,
1731547804,TooDark,9056,
1731548164,TooDark,9056,
1731548524,TooDark,9056,
1731548884,TooDark,9056,
1731549244,TooDark,9056,
1731549605,TooDark,9056,
1731549963,TooDark,9056,
1731550324,TooDark,9056,
1731550684,TooDark,9056,
1731551044,TooDark,9056,
1731551404,TooDark,9056,
1731551764,TooDark,9056,
1731552124,TooDark,9056,
1731552484,TooDark,9056,
1731552844,TooDark,9056,
1731553204,TooDark,9056,
1731553564,TooDark,9056,
1731553924,TooDark,9056,
1731554284,TooDark,9056,
1731554644,TooDark,9056,
1731555004,TooDark,9056,
1731555364,TooDark,9056,
1731555724,TooDark,9056,
1731556084,TooDark,9056,
1731556444,TooDark,9056,
1731556804,TooDark,9056,
1731557164,TooDark,9056,
1731557524,TooDark,9056,
1731557884,TooDark,9056,
1731558244,TooDark,9056,
1731558604,TooDark,9056,
1731558964,TooDark,9056,
1731559324,TooDark,9056,
1731559684,TooDark,9056,
1731560044,TooDark,9056,
1731560404,TooDark,9056,
1731560764,TooDark,9056,
1731561124,TooDark,9056,
1731561484,TooDark,9056,
1731561844,TooDark,9056,
1731562204,TooDark,9056,
1731562564,TooDark,9056,
1731562924,TooDark,9056,
1731563284,TooDark,9056,
1731563644,TooDark,9056,
1731564004,TooDark,9056,
1731564364,TooDark,9056,
1731564724,TooDark,9056,
1731565084,TooDark,9056,
1731565444,TooDark,9056,
1731565804,TooDark,9056,
1731566164,TooDark,9056,
1731566524,TooDark,9056,
1731566884,TooDark,9056,
1731567244,TooDark,9056,
1731567604,TooDark,9056,
1731567964,TooDark,9056,
1731568324,TooDark,9056,
1731568684,TooDark,9056,
1731569044,TooDark,9056,
1731569404,TooDark,9056,
1731569764,TooDark,9056,
1731570124,TooDark,9056,
1731570484,TooDark,9056,
1731570844,TooDark,9056,
1731571204,TooDark,9056,
1731571564,TooDark,9056,
1731571924,TooDark,9056,
1731572284,TooDark,9056,
1731572644,TooDark,9056,
1731573004,TooDark,9056,
1731573364,TooDark,9056,
1731573724,TooDark,9056,
1731574084,TooDark,9056,
1731574444,TooDark,9056,
1731574804,TooDark,9056,
1731575164,TooDark,9056,
1731575524,TooDark,9056,
1731575884,TooDark,9056,
1731576244,TooDark,9056,
1731576604,TooDark,9056,
1731576964,TooDark,9056,
1731577324,TooDark,9056,
1731577684,TooDark,9056,
1731578044,TooDark,9056,
1731578404,TooDark,9056,
1731578764,TooDark,9056,
1731579124,TooDark,9056,
1731579484,TooDark,9056,
1731579844,TooDark,9056,
1731580204,TooDark,9056,
1731580564,TooDark,9056,
1731580924,TooDark,9056,
1731581284,TooDark,9056,
1731581644,TooDark,9056,
1731582004,TooDark,9056,
1731582364,TooDark,9056,
1731582724,TooDark,9056,
1731583084,TooDark,9056,
1731583444,TooDark,9056,
1731583804,TooDark,9056,
1731584166,NoFlood,9216,Flood
1731584527,Flood,9200,Flood
1731584886,Flood,9200,Flood
1731585247,Flood,9200,Flood
1731585606,Flood,9200,Flood
1731585967,Flood,9200,Flood
1731586326,Flood,9200,Flood
1731586687,Flood,9200,Flood
1731587046,Flood,9200,Flood
1731587407,Flood,9200,Flood
1731587767,Flood,9200,Flood
1731588126,Flood,9200,Flood
1731588487,Flood,9200,Flood
1731588846,Flood,9200,Flood
1731589207,Flood,9200,Flood
1731589566,Flood,9200,Flood
1731589927,Flood,9200,Flood
1731590286,Flood,9200,Flood
1731590647,Flood,9200,Flood
1731591007,NoFlood,9216,Flood
1731591366,NoFlood,9216,Flood
1731591726,NoFlood,9216,Flood
1731592087,NoFlood,9216,Flood
1731592446,NoFlood,9216,Flood
1731592807,NoFlood,9216,NoFlood
1731593166,NoFlood,9216,NoFlood
1731593527,NoFlood,9216,NoFlood
1731593887,NoFlood,9216,NoFlood
1731594246,NoFlood,9216,NoFlood
1731594607,NoFlood,9216,NoFlood
1731594967,NoFlood,9216,NoFlood
1731595326,NoFlood,9216,NoFlood
1731595687,NoFlood,9216,NoFlood
1731596046,NoFlood,9216,NoFlood
1731596407,NoFlood,9216,NoFlood
1731596766,NoFlood,9216,NoFlood
1731597126,NoFlood,9216,NoFlood
1731597487,NoFlood,9216,NoFlood
1731597846,NoFlood,9216,NoFlood
1731598207,NoFlood,9216,NoFlood
1731598567,NoFlood,9216,NoFlood
1731598927,NoFlood,9216,NoFlood
1731599287,NoFlood,9216,NoFlood
1731599646,NoFlood,9216,NoFlood
1731600006,NoFlood,9216,NoFlood
1731600367,NoFlood,9216,NoFlood
1731600726,NoFlood,9216,NoFlood
1731601086,NoFlood,9216,NoFlood
1731601447,NoFlood,9216,NoFlood
1731601806,NoFlood,9216,NoFlood
1731602167,NoFlood,9216,NoFlood
1731602527,NoFlood,9216,NoFlood
1731602886,NoFlood,9216,NoFlood
1731603247,NoFlood,9216,NoFlood
1731603606,NoFlood,9216,NoFlood
1731603967,NoFlood,9216,NoFlood
1731604327,NoFlood,9216,NoFlood
1731604686,NoFlood,9216,NoFlood
1731605047,NoFlood,9216,NoFlood
1731605407,NoFlood,9216,NoFlood
1731605766,NoFlood,9216,NoFlood
1731606126,NoFlood,9216,NoFlood
1731606487,NoFlood,9216,NoFlood
1731606846,NoFlood,9216,NoFlood
1731607207,NoFlood,9216,NoFlood
1731607567,NoFlood,9216,NoFlood
1731607926,NoFlood,9216,NoFlood
1731608287,NoFlood,9216,NoFlood
1731608646,NoFlood,9216,NoFlood
1731609007,NoFlood,9216,NoFlood
1731609366,NoFlood,9216,NoFlood
1731609727,NoFlood,9216,NoFlood
1731610086,Flood,9200,NoFlood
1731610447,NoFlood,9216,NoFlood
1731610806,NoFlood,9216,NoFlood
1731611166,NoFlood,9216,NoFlood
1731611527,NoFlood,9216,NoFlood
1731611886,NoFlood,9216,NoFlood
1731612247,NoFlood,9216,NoFlood
1731612607,NoFlood,9216,NoFlood
1731612966,NoFlood,9216,NoFlood
1731613327,Flood,9200,NoFlood
1731613686,NoFlood,9216,NoFlood
1731614046,NoFlood,9216,NoFlood
1731614407,NoFlood,9216,NoFlood
1731614767,NoFlood,9216,NoFlood
1731615126,NoFlood,9216,NoFlood
1731615487,NoFlood,9216,NoFlood
1731615847,NoFlood,9216,NoFlood
1731616206,Flood,9200,NoFlood
1731616567,NoFlood,9216,NoFlood
1731616927,NoFlood,9216,NoFlood
1731617286,NoFlood,9216,NoFlood
1731617647,NoFlood,9216,NoFlood
1731618007,NoFlood,9216,NoFlood
1731618366,NoFlood,9216,NoFlood
1731618726,NoFlood,9216,NoFlood
1731619087,NoFlood,9216,NoFlood
1731619446,NoFlood,9216,NoFlood
1731619807,NoFlood,9216,NoFlood
1731620166,NoFlood,9216,NoFlood
1731620526,NoFlood,9216,NoFlood
1731620887,NoFlood,9216,NoFlood
1731621246,NoFlood,9216,NoFlood
1731621607,NoFlood,9216,NoFlood
1731621967,NoFlood,9216,NoFlood
1731622326,NoFlood,9216,NoFlood
1731622687,NoFlood,9216,NoFlood
1731623044,TooDark,9056,
1731623404,TooDark,9056,
1731623764,TooDark,9056,
1731624124,TooDark,9056,
1731624484,TooDark,9056,
1731624844,TooDark,9056,
1731625204,TooDark,9056,
1731625564,TooDark,9056,
1731625924,TooDark,9056,
1731626284,TooDark,9056,
1731626644,TooDark,9056,
1731627004,TooDark,9056,
1731627364,TooDark,9056,
1731627724,TooDark,9056,
1731628085,TooDark,9056,
1731628444,TooDark,9056,
1731628804,TooDark,9088,
1731629164,TooDark,9120,
1731629524,TooDark,9120,
1731629884,TooDark,9120,
1731630244,TooDark,9120,
1731630604,TooDark,9120,
1731630964,TooDark,9120,
1731631324,TooDark,9120,
1731631684,TooDark,9120,
1731632044,TooDark,9120,
1731632404,TooDark,9120,
1731632764,TooDark,9120,
1731633124,TooDark,9120,
1731633484,TooDark,9120,
1731633844,TooDark,9120,
1731634204,TooDark,9120,
1731634564,TooDark,9120,
1731634924,TooDark,9120,
1731635284,TooDark,9120,
1731635644,TooDark,9120,
1731636004,TooDark,9120,
1731636364,TooDark,9120,
1731636724,TooDark,9120,
1731637084,TooDark,9120,
1731637444,TooDark,9120,
1731637804,TooDark,9120,
1731638164,TooDark,9120,
1731638524,TooDark,9120,
1731638884,TooDark,9120,
1731639244,TooDark,9120,
1731639604,TooDark,9120,
1731639964,TooDark,9120,
1731640324,TooDark,9120,
1731640684,TooDark,9120,
1731641044,TooDark,9120,
1731641404,TooDark,9120,
1731641764,TooDark,9120,
1731642124,TooDark,9120,
1731642484,TooDark,9120,
1731642844,TooDark,9120,
1731643204,TooDark,9120,
1731643564,TooDark,9120,
1731643924,TooDark,9120,
1731644284,TooDark,9120,
1731644644,TooDark,9120,
1731645004,TooDark,9120,
1731645364,TooDark,9120,
1731645724,TooDark,9120,
1731646084,TooDark,9120,
1731646444,TooDark,9120,
1731646804,TooDark,9120,
1731647164,TooDark,9120,
1731647524,TooDark,9120,
1731647885,TooDark,9120,
1731648244,TooDark,9120,
1731648604,TooDark,9120,
1731648964,TooDark,9120,
1731649324,TooDark,9120,
1731649684,TooDark,9120,
1731650044,TooDark,9120,
1731650404,TooDark,9120,
1731650764,TooDark,9120,
1731651125,TooDark,9120,
1731651484,TooDark,9120,
1731651844,TooDark,9120,
1731652204,TooDark,9120,
1731652564,TooDark,9120,
1731652924,TooDark,9120,
1731653284,TooDark,9120,
1731653644,TooDark,9120,
1731654004,TooDark,9120,
1731654364,TooDark,9120,
1731654724,TooDark,9120,
1731655084,TooDark,9120,
1731655444,TooDark,9120,
1731655804,TooDark,9120,
1731656164,TooDark,9120,
1731656524,TooDark,9120,
1731656884,TooDark,9120,
1731657244,TooDark,9120,
1731657604,TooDark,9120,
1731657964,TooDark,9120,
1731658325,TooDark,9120,
1731658684,TooDark,9120,
1731659044,TooDark,9120,
1731659404,TooDark,9120,
1731659764,TooDark,9120,
1731660124,TooDark,9120,
1731660484,TooDark,9120,
1731660844,TooDark,9120,
1731661204,TooDark,9120,
1731661564,TooDark,9120,
1731661924,TooDark,9120,
1731662284,TooDark,9120,
1731662644,TooDark,9120,
1731663004,TooDark,9120,
1731663364,TooDark,9120,
1731663724,TooDark,9120,
1731664084,TooDark,9120,
1731664444,TooDark,9120,
1731664804,TooDark,9120,
1731665165,TooDark,9120,
1731665524,TooDark,9120,
1731665884,TooDark,9120,
1731666244,TooDark,9120,
1731666604,TooDark,9120,
1731666964,TooDark,9120,
1731667324,TooDark,9120,
1731667684,TooDark,9120,
1731668044,TooDark,9120,
1731668404,TooDark,9120,
1731668764,TooDark,9120,
1731669124,TooDark,9120,
1731669484,TooDark,9120,
1731669844,TooDark,9120,
1731670206,NoFlood,9280,
1731670567,NoFlood,9280,NoFlood
1731670926,NoFlood,9280,NoFlood
1731671287,NoFlood,9280,NoFlood
1731671647,NoFlood,9280,NoFlood
1731672006,NoFlood,9280,NoFlood
1731672367,NoFlood,9280,NoFlood
1731672726,NoFlood,9280,NoFlood
1731673087,NoFlood,9280,NoFlood
1731673447,NoFlood,9280,Flood
1731673806,NoFlood,9280,Flood
1731674167,NoFlood,9280,Flood
1731674527,NoFlood,9280,Flood
1731674886,NoFlood,9280,Flood
1731675247,NoFlood,9280,Flood
1731675606,NoFlood,9280,Flood
1731675967,NoFlood,9280,Flood
1731676326,NoFlood,9280,Flood
1731676687,NoFlood,9280,Flood
1731677046,NoFlood,9280,Flood
1731677407,NoFlood,9280,Flood
1731677767,NoFlood,9280,Flood
1731678126,NoFlood,9280,Flood
1731678487,NoFlood,9280,Flood
1731678846,NoFlood,9280,Flood
1731679207,NoFlood,9280,Flood
1731679567,NoFlood,9280,NoFlood
1731679926,NoFlood,9280,NoFlood
1731680287,NoFlood,9280,NoFlood
1731680646,NoFlood,9280,NoFlood
1731681007,NoFlood,9280,NoFlood
1731681367,NoFlood,9280,NoFlood
1731681726,NoFlood,9280,NoFlood
1731682087,NoFlood,9280,NoFlood
1731682446,NoFlood,9280,NoFlood
1731682807,NoFlood,9280,NoFlood
1731683167,NoFlood,9280,NoFlood
1731683526,NoFlood,9280,NoFlood
1731683887,NoFlood,9280,NoFlood
1731684246,NoFlood,9280,NoFlood
1731684606,NoFlood,9280,NoFlood
1731684967,NoFlood,9280,NoFlood
1731685326,NoFlood,9280,NoFlood
1731685687,NoFlood,9280,NoFlood
1731686046,NoFlood,9280,NoFlood
1731686406,NoFlood,9280,NoFlood
1731686767,NoFlood,9280,NoFlood
1731687127,NoFlood,9280,NoFlood
1731687486,NoFlood,9280,NoFlood
1731687847,NoFlood,9280,NoFlood
1731688206,NoFlood,9280,NoFlood
1731688567,NoFlood,9280,NoFlood
1731688927,NoFlood,9280,NoFlood
1731689286,NoFlood,9280,NoFlood
1731689647,NoFlood,9280,NoFlood
1731690006,NoFlood,9280,NoFlood
1731690366,NoFlood,9280,NoFlood
1731690727,NoFlood,9280,NoFlood
1731691087,NoFlood,9280,NoFlood
1731691446,NoFlood,9280,NoFlood
1731691806,NoFlood,9280,NoFlood
1731692167,NoFlood,9280,NoFlood
1731692526,NoFlood,9280,NoFlood
1731692886,NoFlood,9280,NoFlood
1731693247,NoFlood,9280,NoFlood
1731693606,NoFlood,9280,NoFlood
1731693966,NoFlood,9280,NoFlood
1731694327,NoFlood,9280,NoFlood
1731694687,NoFlood,9280,NoFlood
1731695046,NoFlood,9280,NoFlood
1731695407,NoFlood,9280,NoFlood
1731695767,NoFlood,9280,NoFlood
1731696126,NoFlood,9280,NoFlood
1731696487,NoFlood,9280,NoFlood
1731696846,NoFlood,9280,NoFlood
1731697207,NoFlood,9280,NoFlood
1731697567,NoFlood,9280,NoFlood
1731697926,NoFlood,9280,NoFlood
1731698287,NoFlood,9280,NoFlood
1731698646,NoFlood,9280,NoFlood
1731699006,NoFlood,9280,NoFlood
1731699367,NoFlood,9280,NoFlood
1731699726,NoFlood,9280,NoFlood
1731700086,NoFlood,9280,NoFlood
1731700447,NoFlood,9280,NoFlood
1731700807,NoFlood,9280,NoFlood
1731701166,NoFlood,9280,NoFlood
1731701527,NoFlood,9280,NoFlood
1731701887,NoFlood,9280,NoFlood
1731702246,NoFlood,9280,NoFlood
1731702607,NoFlood,9280,NoFlood
1731702966,NoFlood,9280,NoFlood
1731703326,NoFlood,9280,NoFlood
1731703687,NoFlood,9280,NoFlood
1731704047,NoFlood,9280,NoFlood
1731704407,NoFlood,9280,NoFlood
1731704767,NoFlood,9280,NoFlood
1731705126,NoFlood,9280,NoFlood
1731705487,NoFlood,9280,NoFlood
1731705847,NoFlood,9280,NoFlood
1731706206,NoFlood,9280,NoFlood
1731706567,NoFlood,9280,NoFlood
1731706926,NoFlood,9280,NoFlood
1731707286,NoFlood,9280,NoFlood
1731707647,NoFlood,9280,NoFlood
1731708007,NoFlood,9280,NoFlood
1731708366,NoFlood,9280,NoFlood
1731708727,NoFlood,9280,NoFlood
1731709086,NoFlood,9280,NoFlood
1731709446,NoFlood,9280,NoFlood
1731709804,TooDark,9120,
1731710164,TooDark,9120,
1731710524,TooDark,9120,
1731710884,TooDark,9120,
1731711244,TooDark,9120,
1731711604,TooDark,9120,
1731711964,TooDark,9120,
1731712324,TooDark,9120,
1731712684,TooDark,9120,
1731713044,TooDark,9120,
1731713404,TooDark,9120,
1731713764,TooDark,9120,
1731714124,TooDark,9120,
1731714484,TooDark,9120,
1731714844,TooDark,9120,
1731715204,TooDark,9152,
1731715565,TooDark,9184,
1731715924,TooDark,9184,
1731716284,TooDark,9184,
1731716644,TooDark,9184,
1731717004,TooDark,9184,
1731717364,TooDark,9184,
1731717724,TooDark,9184,
1731718084,TooDark,9184,
1731718444,TooDark,9184,
1731718804,TooDark,9184,
1731719164,TooDark,9184,
1731719524,TooDark,9184,
1731719884,TooDark,9184,
1731720244,TooDark,9184,
1731720604,TooDark,9184,
1731720964,TooDark,9184,
1731721324,TooDark,9184,
1731721684,TooDark,9184,
1731722044,TooDark,9184,
1731722404,TooDark,9184,
1731722764,TooDark,9184,
1731723124,TooDark,9184,
1731723484,TooDark,9184,
1731723844,TooDark,9184,
1731724204,TooDark,9184,
1731724564,TooDark,9184,
1731724924,TooDark,9184,
1731725284,TooDark,9184,
1731725644,TooDark,9184,
1731726004,TooDark,9184,
1731726364,TooDark,9184,
1731726724,TooDark,9184,
1731727084,TooDark,9184,
1731727444,TooDark,9184,
1731727804,TooDark,9184,
1731728164,TooDark,9184,
1731728524,TooDark,9184,
1731728884,TooDark,9184,
1731729244,TooDark,9184,
1731729604,TooDark,9184,
1731729964,TooDark,9184,
1731730324,TooDark,9184,
1731730684,TooDark,9184,
1731731044,TooDark,9184,
1731731404,TooDark,9184,
1731731764,TooDark,9184,
1731732124,TooDark,9184,
1731732484,TooDark,9184,
1731732844,TooDark,9184,
1731733204,TooDark,9184,
1731733564,TooDark,9184,
1731733924,TooDark,9184,
1731734285,TooDark,9184,
1731734644,TooDark,9184,
1731735004,TooDark,9184,
1731735364,TooDark,9184,
1731735724,TooDark,9184,
1731736084,TooDark,9184,
1731736444,TooDark,9184,
1731736804,TooDark,9184,
1731737164,TooDark,9184,
1731737524,TooDark,9184,
1731737884,TooDark,9184,
1731738244,TooDark,9184,
1731738604,TooDark,9184,
1731738965,TooDark,9184,
1731739324,TooDark,9184,
1731739684,TooDark,9184,
1731740044,TooDark,9184,
1731740404,TooDark,9184,
1731740764,TooDark,9184,
1731741124,TooDark,9184,
1731741484,TooDark,9184,
1731741844,TooDark,9184,
1731742204,TooDark,9184,
1731742565,TooDark,9184,
1731742924,TooDark,9184,
1731743284,TooDark,9184,
1731743644,TooDark,9184,
1731744004,TooDark,9184,
1731744364,TooDark,9184,
1731744724,TooDark,9184,
1731745084,TooDark,9184,
1731745444,TooDark,9184,
1731745804,TooDark,9184,
1731746164,TooDark,9184,
1731746524,TooDark,9184,
1731746884,TooDark,9184,
1731747244,TooDark,9184,
1731747604,TooDark,9184,
1731747964,TooDark,9184,
1731748324,TooDark,9184,
1731748684,TooDark,9184,
1731749044,TooDark,9184,
1731749405,TooDark,9184,
1731749764,TooDark,9184,
1731750124,TooDark,9184,
1731750484,TooDark,9184,
1731750844,TooDark,9184,
1731751204,TooDark,9184,
1731751564,TooDark,9184,
1731751924,TooDark,9184,
1731752284,TooDark,9184,
1731752644,TooDark,9184,
1731753004,TooDark,9184,
1731753364,TooDark,9184,
1731753724,TooDark,9184,
1731754084,TooDark,9184,
1731754444,TooDark,9184,
1731754804,TooDark,9184,
1731755164,TooDark,9184,
1731755524,TooDark,9184,
1731755884,TooDark,9184,
1731756247,NoFlood,9344,NoFlood
1731756606,NoFlood,9344,NoFlood
1731756967,NoFlood,9344,NoFlood
1731757326,NoFlood,9344,NoFlood
1731757686,NoFlood,9344,NoFlood
1731758047,NoFlood,9344,NoFlood
1731758406,NoFlood,9344,NoFlood
1731758767,NoFlood,9344,NoFlood
1731759127,NoFlood,9344,Flood
1731759486,NoFlood,9344,Flood
1731759847,Flood,9328,Flood
1731760207,Flood,9328,Flood
1731760567,Flood,9328,Flood
1731760927,Flood,9328,Flood
1731761286,Flood,9328,Flood
1731761647,Flood,9328,Flood
1731762007,Flood,9328,Flood
1731762366,Flood,9328,Flood
1731762727,Flood,9328,Flood
1731763086,Flood,9328,Flood
1731763447,Flood,9328,Flood
1731763807,Flood,9328,Flood
1731764166,Flood,9328,Flood
1731764527,Flood,9328,Flood
1731764887,Flood,9328,Flood
1731765246,Flood,9328,Flood
1731765606,Flood,9328,Flood
1731765967,Flood,9328,Flood
1731766327,Flood,9328,Flood
1731766686,Flood,9328,Flood
1731767047,Flood,9328,Flood
1731767407,Flood,9328,Flood
1731767766,Flood,9328,Flood
1731768127,Flood,9328,Flood
1731768487,Flood,9328,Flood
1731768846,Flood,9328,Flood
1731769206,Flood,9328,Flood
1731769567,Flood,9328,Flood
1731769927,Flood,9328,Flood
1731770286,Flood,9328,Flood
1731770646,Flood,9328,Flood
1731771007,Flood,9328,Flood
1731771367,NoFlood,9344,Flood
1731771726,Flood,9328,Flood
1731772086,Flood,9328,Flood
1731772446,NoFlood,9344,Flood
1731772807,NoFlood,9344,Flood
1731773166,NoFlood,9344,Flood
1731773527,NoFlood,9344,Flood
1731773886,NoFlood,9344,NoFlood
1731774247,NoFlood,9344,NoFlood
1731774606,NoFlood,9344,NoFlood
1731774966,NoFlood,9344,NoFlood
1731775327,NoFlood,9344,NoFlood
1731775686,NoFlood,9344,NoFlood
1731776047,NoFlood,9344,NoFlood
1731776407,NoFlood,9344,NoFlood
1731776767,NoFlood,9344,NoFlood
1731777126,NoFlood,9344,NoFlood
1731777487,NoFlood,9344,NoFlood
1731777847,NoFlood,9344,NoFlood
1731778207,NoFlood,9344,NoFlood
1731778567,NoFlood,9344,NoFlood
1731778926,NoFlood,9344,NoFlood
1731779287,NoFlood,9344,NoFlood
1731779646,NoFlood,9344,NoFlood
1731780007,NoFlood,9344,NoFlood
1731780367,NoFlood,9344,NoFlood
1731780727,NoFlood,9344,NoFlood
1731781087,NoFlood,9344,NoFlood
1731781446,NoFlood,9344,NoFlood
1731781806,NoFlood,9344,NoFlood
1731782167,NoFlood,9344,NoFlood
1731782527,NoFlood,9344,NoFlood
1731782886,NoFlood,9344,NoFlood
1731783247,NoFlood,9344,NoFlood
1731783606,NoFlood,9344,Flood
1731783966,NoFlood,9344,Flood
1731784327,NoFlood,9344,Flood
1731784687,NoFlood,9344,Flood
1731785046,NoFlood,9344,NoFlood
1731785407,NoFlood,9344,NoFlood
1731785766,NoFlood,9344,NoFlood
1731786126,NoFlood,9344,NoFlood
1731786487,NoFlood,9344,NoFlood
1731786847,NoFlood,9344,NoFlood
1731787206,NoFlood,9344,NoFlood
1731787567,NoFlood,9344,NoFlood
1731787927,NoFlood,9344,NoFlood
1731788287,NoFlood,9344,NoFlood
1731788646,NoFlood,9344,NoFlood
1731789007,NoFlood,9344,NoFlood
1731789366,NoFlood,9344,NoFlood
1731789726,NoFlood,9344,NoFlood
1731790087,NoFlood,9344,NoFlood
1731790447,NoFlood,9344,NoFlood
1731790806,NoFlood,9344,NoFlood
1731791167,NoFlood,9344,NoFlood
1731791527,NoFlood,9344,NoFlood
1731791886,NoFlood,9344,NoFlood
1731792247,NoFlood,9344,NoFlood
1731792607,NoFlood,9344,NoFlood
1731792967,NoFlood,9344,NoFlood
1731793327,NoFlood,9344,NoFlood
1731793687,NoFlood,9344,NoFlood
1731794047,NoFlood,9344,NoFlood
1731794406,NoFlood,9344,NoFlood
1731794766,NoFlood,9344,NoFlood
1731795127,NoFlood,9344,NoFlood
1731795487,NoFlood,9344,NoFlood
1731795847,NoFlood,9344,NoFlood
1731796204,TooDark,9184,
1731796564,TooDark,9184,
1731796924,TooDark,9184,
1731797284,TooDark,9184,
1731797644,TooDark,9184,
1731798004,TooDark,9184,
1731798365,TooDark,9184,
1731798725,TooDark,9184,
1731799084,TooDark,9184,
1731799444,TooDark,9184,
1731799804,TooDark,9184,
1731800164,TooDark,9184,
1731800524,TooDark,9184,
1731800884,TooDark,9184,
1731801244,TooDark,9184,
1731801604,TooDark,9216,
1731801964,TooDark,9248,
1731802324,TooDark,9248,
1731802684,TooDark,9248,
1731803044,TooDark,9248,
1731803404,TooDark,9248,
1731803764,TooDark,9248,
1731804124,TooDark,9248,
1731804484,TooDark,9248,
1731804844,TooDark,9248,
1731805204,TooDark,9248,
1731805564,TooDark,9248,
1731805924,TooDark,9248,
1731806284,TooDark,9248,
1731806644,TooDark,9248,
1731807004,TooDark,9248,
1731807364,TooDark,9248,
1731807724,TooDark,9248,
1731808084,TooDark,9248,
1731808444,TooDark,9248,
1731808804,TooDark,9248,
1731809164,TooDark,9248,
1731809524,TooDark,9248,
1731809884,TooDark,9248,
1731810244,TooDark,9248,
1731810604,TooDark,9248,
1731810964,TooDark,9248,
1731811324,TooDark,9248,
1731811684,TooDark,9248,
1731812044,TooDark,9248,
1731812404,TooDark,9248,
1731812764,TooDark,9248,
1731813124,TooDark,9248,
1731813484,TooDark,9248,
1731813844,TooDark,9248,
1731814204,TooDark,9248,
1731814564,TooDark,9248,
1731814924,TooDark,9248,
1731815284,TooDark,9248,
1731815644,TooDark,9248,
1731816004,TooDark,9248,
1731816364,TooDark,9248,
1731816724,TooDark,9248,
1731817084,TooDark,9248,
1731817444,TooDark,9248,
1731817804,TooDark,9248,
1731818164,TooDark,9248,
1731818524,TooDark,9248,
1731818884,TooDark,9248,
1731819244,TooDark,9248,
1731819604,TooDark,9248,
1731819964,TooDark,9248,
1731820324,TooDark,9248,
1731820684,TooDark,9248,
1731821044,TooDark,9248,
1731821405,TooDark,9248,
1731821764,TooDark,9248,
1731822124,TooDark,9248,
1731822484,TooDark,9248,
1731822844,TooDark,9248,
1731823204,TooDark,9248,
1731823564,TooDark,9248,
1731823924,TooDark,9248,
1731824284,TooDark,9248,
1731824644,TooDark,9248,
1731825004,TooDark,9248,
1731825364,TooDark,9248,
1731825724,TooDark,9248,
1731826084,TooDark,9248,
1731826444,TooDark,9248,
1731826804,TooDark,9248,
1731827164,TooDark,9248,
1731827524,TooDark,9248,
1731827884,TooDark,9248,
1731828244,TooDark,9248,
1731828604,TooDark,9248,
1731828964,TooDark,9248,
1731829324,TooDark,9248,
1731829684,TooDark,9248,
1731830044,TooDark,9248,
1731830405,TooDark,9248,
1731830764,TooDark,9248,
1731831124,TooDark,9248,
1731831484,TooDark,9248,
1731831844,TooDark,9248,
1731832204,TooDark,9248,
1731832564,TooDark,9248,
1731832924,TooDark,9248,
1731833284,TooDark,9248,
1731833644,TooDark,9248,
1731834004,TooDark,9248,
1731834364,TooDark,9248,
1731834724,TooDark,9248,
1731835084,TooDark,9248,
1731835444,TooDark,9248,
1731835804,TooDark,9248,
1731836164,TooDark,9248,
1731836524,TooDark,9248,
1731836884,TooDark,9248,
1731837244,TooDark,9248,
1731837604,TooDark,9248,
1731837964,TooDark,9248,
1731838324,TooDark,9248,
1731838684,TooDark,9248,
1731839044,TooDark,9248,
1731839404,TooDark,9248,
1731839764,TooDark,9248,
1731840124,TooDark,9248,
1731840484,TooDark,9248,
1731840844,TooDark,9248,
1731841204,TooDark,9248,
1731841564,TooDark,9248,
1731841924,TooDark,9248,
1731842284,TooDark,9248,
1731842644,TooDark,9248,
1731843006,NoFlood,9408,NoFlood
1731843367,NoFlood,9408,NoFlood
1731843727,NoFlood,9408,NoFlood
1731844086,NoFlood,9408,NoFlood
1731844447,NoFlood,9408,NoFlood
1731844807,NoFlood,9408,NoFlood
1731845166,NoFlood,9408,NoFlood
1731845527,NoFlood,9408,NoFlood
1731845887,NoFlood,9408,NoFlood
1731846246,NoFlood,9408,NoFlood
1731846607,NoFlood,9408,NoFlood
1731846966,NoFlood,9408,NoFlood
1731847327,NoFlood,9408,NoFlood
1731847687,NoFlood,9408,NoFlood
1731848046,NoFlood,9408,NoFlood
1731848407,NoFlood,9408,NoFlood
1731848766,NoFlood,9408,NoFlood
1731849126,NoFlood,9408,NoFlood
1731849487,NoFlood,9408,NoFlood
1731849847,NoFlood,9408,NoFlood
1731850206,NoFlood,9408,NoFlood
1731850567,NoFlood,9408,NoFlood
1731850927,NoFlood,9408,Flood
1731851286,NoFlood,9408,Flood
1731851647,NoFlood,9408,Flood
1731852007,NoFlood,9408,Flood
1731852366,Flood,9392,Flood
1731852727,Flood,9392,Flood
1731853086,Flood,9392,Flood
1731853447,Flood,9392,Flood
1731853806,Flood,9392,Flood
1731854166,Flood,9392,Flood
1731854527,Flood,9392,Flood
1731854886,Flood,9392,Flood
1731855247,Flood,9392,Flood
1731855607,NoFlood,9408,Flood
1731855966,NoFlood,9408,Flood
1731856327,NoFlood,9408,Flood
1731856687,NoFlood,9408,Flood
1731857047,Flood,9392,Flood
1731857407,Flood,9392,Flood
1731857766,Flood,9392,Flood
1731858127,Flood,9392,Flood
1731858486,Flood,9392,Flood
1731858847,NoFlood,9408,Flood
1731859206,NoFlood,9408,Flood
1731859566,NoFlood,9408,Flood
1731859927,NoFlood,9408,Flood
1731860286,NoFlood,9408,NoFlood
1731860647,NoFlood,9408,NoFlood
1731861006,NoFlood,9408,NoFlood
1731861367,NoFlood,9408,NoFlood
1731861726,NoFlood,9408,NoFlood
1731862087,NoFlood,9408,NoFlood
1731862446,NoFlood,9408,NoFlood
1731862807,NoFlood,9408,NoFlood
1731863167,NoFlood,9408,NoFlood
1731863526,NoFlood,9408,NoFlood
1731863887,NoFlood,9408,NoFlood
1731864246,NoFlood,9408,NoFlood
1731864606,NoFlood,9408,NoFlood
1731864967,NoFlood,9408,NoFlood
1731865326,NoFlood,9408,NoFlood
1731865687,NoFlood,9408,NoFlood
1731866046,NoFlood,9408,NoFlood
1731866407,NoFlood,9408,NoFlood
1731866766,NoFlood,9408,NoFlood
1731867127,NoFlood,9408,NoFlood
1731867486,NoFlood,9408,NoFlood
1731867847,NoFlood,9408,NoFlood
1731868207,NoFlood,9408,NoFlood
1731868566,NoFlood,9408,NoFlood
1731868927,NoFlood,9408,NoFlood
1731869286,NoFlood,9408,NoFlood
1731869647,NoFlood,9408,NoFlood
1731870006,NoFlood,9408,NoFlood
1731870366,NoFlood,9408,NoFlood
1731870727,NoFlood,9408,NoFlood
1731871087,NoFlood,9408,NoFlood
1731871446,NoFlood,9408,NoFlood
1731871807,NoFlood,9408,NoFlood
1731872166,NoFlood,9408,NoFlood
1731872527,NoFlood,9408,NoFlood
1731872886,NoFlood,9408,NoFlood
1731873247,NoFlood,9408,NoFlood
1731873606,NoFlood,9408,NoFlood
1731873967,NoFlood,9408,NoFlood
1731874326,NoFlood,9408,NoFlood
1731874686,NoFlood,9408,NoFlood
1731875047,NoFlood,9408,NoFlood
1731875406,NoFlood,9408,NoFlood
1731875767,NoFlood,9408,NoFlood
1731876126,NoFlood,9408,NoFlood
1731876487,NoFlood,9408,NoFlood
1731876847,NoFlood,9408,NoFlood
1731877206,NoFlood,9408,NoFlood
1731877567,NoFlood,9408,NoFlood
1731877926,NoFlood,9408,NoFlood
1731878287,NoFlood,9408,NoFlood
1731878646,NoFlood,9408,NoFlood
1731879007,NoFlood,9408,NoFlood
1731879367,NoFlood,9408,NoFlood
1731879727,NoFlood,9408,NoFlood
1731880087,NoFlood,9408,NoFlood
1731880447,NoFlood,9408,NoFlood
1731880807,NoFlood,9408,NoFlood
1731881167,NoFlood,9408,NoFlood
1731881526,NoFlood,9408,NoFlood
1731881887,NoFlood,9408,NoFlood
1731882246,NoFlood,9408,NoFlood
1731882604,TooDark,9248,
1731882964,TooDark,9248,
1731883324,TooDark,9248,
1731883685,TooDark,9248,
1731884045,TooDark,9248,
1731884404,TooDark,9248,
1731884765,TooDark,9248,
1731885124,TooDark,9248,
1731885484,TooDark,9248,
1731885844,TooDark,9248,
1731886204,TooDark,9248,
1731886564,TooDark,9248,
1731886924,TooDark,9248,
1731887284,TooDark,9248,
1731887644,TooDark,9248,
1731888004,TooDark,9280,
1731888364,TooDark,9312,
1731888724,TooDark,9312,
1731889084,TooDark,9312,
1731889444,TooDark,9312,
1731889804,TooDark,9312,
1731890164,TooDark,9312,
1731890524,TooDark,9312,
1731890884,TooDark,9312,
1731891244,TooDark,9312,
1731891604,TooDark,9312,
1731891964,TooDark,9312,
1731892324,TooDark,9312,
1731892684,TooDark,9312,
1731893044,TooDark,9312,
1731893404,TooDark,9312,
1731893764,TooDark,9312,
1731894124,TooDark,9312,
1731894484,TooDark,9312,
1731894844,TooDark,9312,
1731895204,TooDark,9312,
1731895564,TooDark,9312,
1731895924,TooDark,9312,
1731896284,TooDark,9312,
1731896644,TooDark,9312,
1731897004,TooDark,9312,
1731897364,TooDark,9312,
1731897724,TooDark,9312,
1731898084,TooDark,9312,
1731898444,TooDark,9312,
1731898804,TooDark,9312,
1731899164,TooDark,9312,
1731899524,TooDark,9312,
1731899884,TooDark,9312,
1731900244,TooDark,9312,
1731900604,TooDark,9312,
1731900964,TooDark,9312,
1731901324,TooDark,9312,
1731901684,TooDark,9312,
1731902044,TooDark,9312,
1731902404,TooDark,9312,
1731902764,TooDark,9312,
1731903124,TooDark,9312,
1731903484,TooDark,9312,
1731903844,TooDark,9312,
1731904204,TooDark,9312,
1731904564,TooDark,9312,
1731904924,TooDark,9312,
1731905284,TooDark,9312,
1731905644,TooDark,9312,
1731906004,TooDark,9312,
1731906364,TooDark,9312,
1731906724,TooDark,9312,
1731907084,TooDark,9312,
1731907444,TooDark,9312,
1731907804,TooDark,9312,
1731908164,TooDark,9312,
1731908524,TooDark,9312,
1731908884,TooDark,9312,
1731909244,TooDark,9312,
1731909604,TooDark,9312,
1731909965,TooDark,9312,
1731910325,TooDark,9312,
1731910684,TooDark,9312,
1731911044,TooDark,9312,
1731911404,TooDark,9312,
1731911764,TooDark,9312,
1731912124,TooDark,9312,
1731912484,TooDark,9312,
1731912844,TooDark,9312,
1731913204,TooDark,9312,
1731913564,TooDark,9312,
1731913924,TooDark,9312,
1731914285,TooDark,9312,
1731914644,TooDark,9312,
1731915004,TooDark,9312,
1731915364,TooDark,9312,
1731915724,TooDark,9312,
1731916084,TooDark,9312,
1731916444,TooDark,9312,
1731916804,TooDark,9312,
1731917164,TooDark,9312,
1731917524,TooDark,9312,
1731917884,TooDark,9312,
1731918244,TooDark,9312,
1731918604,TooDark,9312,
1731918964,TooDark,9312,
1731919324,TooDark,9312,
1731919684,TooDark,9312,
1731920044,TooDark,9312,
1731920404,TooDark,9312,
1731920764,TooDark,9312,
1731921124,TooDark,9312,
1731921484,TooDark,9312,
1731921844,TooDark,9312,
1731922204,TooDark,9312,
1731922564,TooDark,9312,
1731922924,TooDark,9312,
1731923284,TooDark,9312,
1731923644,TooDark,9312,
1731924005,TooDark,9312,
1731924364,TooDark,9312,
1731924724,TooDark,9312,
1731925084,TooDark,9312,
1731925444,TooDark,9312,
1731925804,TooDark,9312,
1731926164,TooDark,9312,
1731926524,TooDark,9312,
1731926884,TooDark,9312,
1731927244,TooDark,9312,
1731927604,TooDark,9312,
1731927964,TooDark,9312,
1731928324,TooDark,9312,
1731928684,TooDark,9312,
1731929044,TooDark,9312,
1731929406,NoFlood,9472,
1731929767,NoFlood,9472,NoFlood
1731930126,NoFlood,9472,NoFlood
1731930486,NoFlood,9472,NoFlood
1731930847,NoFlood,9472,NoFlood
1731931206,NoFlood,9472,NoFlood
1731931566,NoFlood,9472,NoFlood
1731931927,NoFlood,9472,NoFlood
1731932287,NoFlood,9472,NoFlood
1731932647,NoFlood,9472,NoFlood
1731933006,NoFlood,9472,NoFlood
1731933367,NoFlood,9472,NoFlood
1731933727,NoFlood,9472,NoFlood
1731934086,NoFlood,9472,NoFlood
1731934447,NoFlood,9472,NoFlood
1731934806,NoFlood,9472,NoFlood
1731935167,NoFlood,9472,NoFlood
1731935526,NoFlood,9472,NoFlood
1731935887,NoFlood,9472,NoFlood
1731936247,NoFlood,9472,NoFlood
1731936606,NoFlood,9472,NoFlood
1731936967,NoFlood,9472,NoFlood
1731937327,NoFlood,9472,NoFlood
1731937686,NoFlood,9472,NoFlood
1731938047,NoFlood,9472,NoFlood
1731938406,NoFlood,9472,NoFlood
1731938767,NoFlood,9472,NoFlood
1731939127,NoFlood,9472,NoFlood
1731939486,NoFlood,9472,NoFlood
1731939847,NoFlood,9472,NoFlood
1731940207,NoFlood,9472,NoFlood
1731940566,NoFlood,9472,NoFlood
1731940927,NoFlood,9472,NoFlood
1731941287,NoFlood,9472,NoFlood
1731941646,NoFlood,9472,NoFlood
1731942006,NoFlood,9472,NoFlood
1731942366,NoFlood,9472,NoFlood
1731942727,NoFlood,9472,NoFlood
1731943087,NoFlood,9472,NoFlood
1731943446,NoFlood,9472,NoFlood
1731943807,NoFlood,9472,NoFlood
1731944166,NoFlood,9472,NoFlood
1731944526,NoFlood,9472,NoFlood
1731944887,NoFlood,9472,NoFlood
1731945247,NoFlood,9472,NoFlood
1731945606,NoFlood,9472,NoFlood
1731945967,NoFlood,9472,NoFlood
1731946326,NoFlood,9472,NoFlood
1731946686,NoFlood,9472,NoFlood
1731947047,NoFlood,9472,NoFlood
1731947406,NoFlood,9472,NoFlood
1731947767,NoFlood,9472,NoFlood
1731948127,NoFlood,9472,NoFlood
1731948486,NoFlood,9472,NoFlood
1731948847,NoFlood,9472,NoFlood
1731949206,NoFlood,9472,NoFlood
1731949567,NoFlood,9472,NoFlood
1731949927,NoFlood,9472,NoFlood
1731950286,NoFlood,9472,NoFlood
1731950646,NoFlood,9472,NoFlood
1731951007,NoFlood,9472,NoFlood
1731951366,NoFlood,9472,NoFlood
1731951727,NoFlood,9472,NoFlood
1731952086,NoFlood,9472,NoFlood
1731952446,NoFlood,9472,NoFlood
1731952807,NoFlood,9472,NoFlood
1731953167,NoFlood,9472,NoFlood
1731953526,NoFlood,9472,NoFlood
1731953887,NoFlood,9472,NoFlood
1731954246,NoFlood,9472,NoFlood
1731954606,NoFlood,9472,NoFlood
1731954967,NoFlood,9472,NoFlood
1731955326,NoFlood,9472,NoFlood
1731955686,NoFlood,9472,NoFlood
1731956047,NoFlood,9472,NoFlood
1731956406,NoFlood,9472,NoFlood
1731956767,NoFlood,9472,NoFlood
1731957127,NoFlood,9472,NoFlood
1731957486,NoFlood,9472,NoFlood
1731957847,NoFlood,9472,NoFlood
1731958207,NoFlood,9472,NoFlood
1731958566,NoFlood,9472,NoFlood
1731958927,NoFlood,9472,NoFlood
1731959286,NoFlood,9472,NoFlood
1731959647,NoFlood,9472,NoFlood
1731960006,NoFlood,9472,NoFlood
1731960367,NoFlood,9472,NoFlood
1731960726,NoFlood,9472,NoFlood
1731961086,NoFlood,9472,NoFlood
1731961447,NoFlood,9472,NoFlood
1731961807,NoFlood,9472,NoFlood
1731962167,NoFlood,9472,NoFlood
1731962527,NoFlood,9472,NoFlood
1731962886,NoFlood,9472,NoFlood
1731963247,NoFlood,9472,NoFlood
1731963606,NoFlood,9472,NoFlood
1731963966,NoFlood,9472,NoFlood
1731964327,NoFlood,9472,NoFlood
1731964686,NoFlood,9472,NoFlood
1731965047,NoFlood,9472,NoFlood
1731965407,NoFlood,9472,NoFlood
1731965766,NoFlood,9472,NoFlood
1731966127,NoFlood,9472,NoFlood
1731966487,NoFlood,9472,NoFlood
1731966846,NoFlood,9472,NoFlood
1731967206,NoFlood,9472,NoFlood
1731967567,NoFlood,9472,NoFlood
1731967926,NoFlood,9472,NoFlood
1731968287,NoFlood,9472,NoFlood
1731968647,NoFlood,9472,NoFlood
1731969004,TooDark,9312,
1731969364,TooDark,9312,
1731969724,TooDark,9312,
1731970084,TooDark,9312,
1731970444,TooDark,9312,
1731970804,TooDark,9312,
1731971164,TooDark,9312,
1731971524,TooDark,9312,
1731971884,TooDark,9312,
1731972244,TooDark,9312,
1731972604,TooDark,9312,
1731972964,TooDark,9312,
1731973324,TooDark,9312,
1731973684,TooDark,9312,
1731974044,TooDark,9312,
1731974404,TooDark,9344,
1731974764,TooDark,9376,
1731975124,TooDark,9376,
1731975484,TooDark,9376,
1731975844,TooDark,9376,
1731976204,TooDark,9376,
1731976564,TooDark,9376,
1731976924,TooDark,9376,
1731977284,TooDark,9376,
1731977644,TooDark,9376,
1731978004,TooDark,9376,
1731978364,TooDark,9376,
1731978724,TooDark,9376,
1731979084,TooDark,9376,
1731979444,TooDark,9376,
1731979804,TooDark,9376,
1731980164,TooDark,9376,
1731980524,TooDark,9376,
1731980884,TooDark,9376,
1731981244,TooDark,9376,
1731981604,TooDark,9376,
1731981964,TooDark,9376,
1731982324,TooDark,9376,
1731982684,TooDark,9376,
1731983044,TooDark,9376,
1731983404,TooDark,9376,
1731983764,TooDark,9376,
1731984124,TooDark,9376,
1731984484,TooDark,9376,
1731984844,TooDark,9376,
1731985204,TooDark,9376,
1731985564,TooDark,9376,
1731985924,TooDark,9376,
1731986284,TooDark,9376,
1731986644,TooDark,9376,
1731987004,TooDark,9376,
1731987364,TooDark,9376,
1731987724,TooDark,9376,
1731988084,TooDark,9376,
1731988444,TooDark,9376,
1731988804,TooDark,9376,
1731989164,TooDark,9376,
1731989524,TooDark,9376,
1731989884,TooDark,9376,
1731990244,TooDark,9376,
1731990604,TooDark,9376,
1731990964,TooDark,9376,
1731991324,TooDark,9376,
1731991684,TooDark,9376,
1731992044,TooDark,9376,
1731992404,TooDark,9376,
1731992764,TooDark,9376,
1731993124,TooDark,9376,
1731993484,TooDark,9376,
1731993844,TooDark,9376,
1731994204,TooDark,9376,
1731994564,TooDark,9376,
1731994924,TooDark,9376,
1731995284,TooDark,9376,
1731995644,TooDark,9376,
1731996004,TooDark,9376,
1731996364,TooDark,9376,
1731996724,TooDark,9376,
1731997084,TooDark,9376,
1731997444,TooDark,9376,
1731997804,TooDark,9376,
1731998164,TooDark,9376,
1731998525,TooDark,9376,
1731998884,TooDark,9376,
1731999244,TooDark,9376,
1731999604,TooDark,9376,
1731999964,TooDark,9376,
1732000324,TooDark,9376,
1732000684,TooDark,9376,
1732001044,TooDark,9376,
1732001404,TooDark,9376,
1732001764,TooDark,9376,
1732002124,TooDark,9376,
1732002484,TooDark,9376,
1732002844,TooDark,9376,
1732003204,TooDark,9376,
1732003564,TooDark,9376,
1732003925,TooDark,9376,
1732004284,TooDark,9376,
1732004644,TooDark,9376,
1732005004,TooDark,9376,
1732005364,TooDark,9376,
1732005724,TooDark,9376,
1732006084,TooDark,9376,
1732006444,TooDark,9376,
1732006804,TooDark,9376,
1732007164,TooDark,9376,
1732007524,TooDark,9376,
1732007884,TooDark,9376,
1732008244,TooDark,9376,
1732008604,TooDark,9376,
1732008964,TooDark,9376,
1732009324,TooDark,9376,
1732009684,TooDark,9376,
1732010044,TooDark,9376,
1732010404,TooDark,9376,
1732010764,TooDark,9376,
1732011124,TooDark,9376,
1732011484,TooDark,9376,
1732011844,TooDark,9376,
1732012205,TooDark,9376,
1732012564,TooDark,9376,
1732012924,TooDark,9376,
1732013284,TooDark,9376,
1732013644,TooDark,9376,
1732014004,TooDark,9376,
1732014364,TooDark,9376,
1732014724,TooDark,9376,
1732015084,TooDark,9376,
1732015444,TooDark,9376,
1732015807,NoFlood,9536,
1732016167,NoFlood,9536,
1732016526,NoFlood,9536,
1732016887,NoFlood,9536,
1732017247,NoFlood,9536,
1732017606,NoFlood,9536,
1732017967,NoFlood,9536,
1732018327,NoFlood,9536,
1732018687,NoFlood,9536,
1732019046,NoFlood,9536,
1732019406,NoFlood,9536,
1732019767,NoFlood,9536,
1732020126,NoFlood,9536,
1732020487,NoFlood,9536,
1732020847,NoFlood,9536,
1732021206,NoFlood,9536,
1732021567,NoFlood,9536,
1732021927,NoFlood,9536,
1732022287,NoFlood,9536,
1732022647,NoFlood,9536,
1732023007,NoFlood,9536,
1732023367,NoFlood,9536,
1732023727,NoFlood,9536,
1732024086,NoFlood,9536,
1732024447,NoFlood,9536,
1732024806,NoFlood,9536,
1732025166,NoFlood,9536,
1732025527,NoFlood,9536,
1732025886,NoFlood,9536,
1732026247,NoFlood,9536,
1732026606,NoFlood,9536,
1732026967,NoFlood,9536,
1732027326,NoFlood,9536,
1732027687,NoFlood,9536,
1732028047,NoFlood,9536,
1732028406,NoFlood,9536,
1732028767,NoFlood,9536,
1732029127,NoFlood,9536,
1732029486,NoFlood,9536,
1732029847,NoFlood,9536,
1732030206,NoFlood,9536,
1732030567,NoFlood,9536,
1732030926,NoFlood,9536,
1732031287,NoFlood,9536,
1732031646,NoFlood,9536,
1732032007,NoFlood,9536,
1732032366,NoFlood,9536,
1732032727,NoFlood,9536,
1732033086,NoFlood,9536,
1732033447,NoFlood,9536,
1732033807,NoFlood,9536,
1732034166,NoFlood,9536,
1732034527,NoFlood,9536,
1732034886,NoFlood,9536,
1732035247,NoFlood,9536,
1732035606,NoFlood,9536,
1732035967,NoFlood,9536,
1732036326,NoFlood,9536,
1732036687,NoFlood,9536,
1732037047,NoFlood,9536,
1732037406,NoFlood,9536,
1732037767,NoFlood,9536,
1732038127,NoFlood,9536,
1732038486,NoFlood,9536,
1732038847,NoFlood,9536,
1732039206,NoFlood,9536,
1732039567,NoFlood,9536,
1732039927,NoFlood,9536,
1732040286,NoFlood,9536,
1732040647,NoFlood,9536,
1732041007,NoFlood,9536,
1732041366,NoFlood,9536,
1732041727,NoFlood,9536,
1732042087,NoFlood,9536,
1732042447,NoFlood,9536,
1732042807,NoFlood,9536,
1732043167,NoFlood,9536,
1732043527,NoFlood,9536,
1732043887,NoFlood,9536,
1732044246,NoFlood,9536,
1732044607,NoFlood,9536,
1732044966,NoFlood,9536,
1732045327,NoFlood,9536,
1732045686,NoFlood,9536,
1732046046,NoFlood,9536,
1732046407,NoFlood,9536,
1732046766,NoFlood,9536,
1732047126,NoFlood,9536,
1732047487,NoFlood,9536,
1732047846,NoFlood,9536,
1732048207,NoFlood,9536,
1732048567,NoFlood,9536,
1732048927,NoFlood,9536,
1732049286,NoFlood,9536,
1732049646,NoFlood,9536,
1732050007,NoFlood,9536,
1732050366,NoFlood,9536,
1732050727,NoFlood,9536,
1732051086,NoFlood,9536,
1732051447,NoFlood,9536,
1732051806,NoFlood,9536,
1732052166,NoFlood,9536,
1732052527,NoFlood,9536,
1732052886,NoFlood,9536,
1732053246,NoFlood,9536,
1732053607,NoFlood,9536,
1732053967,NoFlood,9536,
1732054326,NoFlood,9536,
1732054685,TooDark,9376,
1732055044,TooDark,9376,
1732055404,TooDark,9376,
1732055764,TooDark,9376,
1732056124,TooDark,9376,
1732056484,TooDark,9376,
1732056844,TooDark,9376,
1732057204,TooDark,9376,
1732057564,TooDark,9376,
1732057924,TooDark,9376,
1732058284,TooDark,9376,
1732058644,TooDark,9376,
1732059004,TooDark,9376,
1732059364,TooDark,9376,
1732059724,TooDark,9376,
1732060084,TooDark,9376,
1732060444,TooDark,9376,
1732060804,TooDark,9408,
1732061164,TooDark,9440,
1732061524,TooDark,9440,
1732061884,TooDark,9440,
1732062244,TooDark,9440,
1732062604,TooDark,9440,
1732062964,TooDark,9440,
1732063324,TooDark,9440,
1732063684,TooDark,9440,
1732064044,TooDark,9440,
1732064404,TooDark,9440,
1732064764,TooDark,9440,
1732065124,TooDark,9440,
1732065484,TooDark,9440,
1732065844,TooDark,9440,
1732066204,TooDark,9440,
1732066564,TooDark,9440,
1732066924,TooDark,9440,
1732067284,TooDark,9440,
1732067644,TooDark,9440,
1732068004,TooDark,9440,
1732068364,TooDark,9440,
1732068724,TooDark,9440,
1732069084,TooDark,9440,
1732069444,TooDark,9440,
1732069804,TooDark,9440,
1732070165,TooDark,9440,
1732070524,TooDark,9440,
1732070884,TooDark,9440,
1732071244,TooDark,9440,
1732071604,TooDark,9440,
1732071964,TooDark,9440,
1732072324,TooDark,9440,
1732072684,TooDark,9440,
1732073044,TooDark,9440,
1732073404,TooDark,9440,
1732073764,TooDark,9440,
1732074124,TooDark,9440,
1732074484,TooDark,9440,
1732074844,TooDark,9440,
1732075204,TooDark,9440,
1732075564,TooDark,9440,
1732075924,TooDark,9440,
1732076284,TooDark,9440,
1732076644,TooDark,9440,
1732077004,TooDark,9440,
1732077364,TooDark,9440,
1732077724,TooDark,9440,
1732078084,TooDark,9440,
1732078444,TooDark,9440,
1732078804,TooDark,9440,
1732079164,TooDark,9440,
1732079524,TooDark,9440,
1732079884,TooDark,9440,
1732080244,TooDark,9440,
1732080604,TooDark,9440,
1732080964,TooDark,9440,
1732081324,TooDark,9440,
1732081684,TooDark,9440,
1732082044,TooDark,9440,
1732082404,TooDark,9440,
1732082764,TooDark,9440,
1732083124,TooDark,9440,
1732083484,TooDark,9440,
1732083844,TooDark,9440,
1732084204,TooDark,9440,
1732084564,TooDark,9440,
1732084924,TooDark,9440,
1732085284,TooDark,9440,
1732085644,TooDark,9440,
1732086005,TooDark,9440,
1732086364,TooDark,9440,
1732086724,TooDark,9440,
1732087084,TooDark,9440,
1732087444,TooDark,9440,
1732087804,TooDark,9440,
1732088164,TooDark,9440,
1732088524,TooDark,9440,
1732088884,TooDark,9440,
1732089244,TooDark,9440,
1732089604,TooDark,9440,
1732089964,TooDark,9440,
1732090324,TooDark,9440,
1732090684,TooDark,9440,
1732091044,TooDark,9440,
1732091404,TooDark,9440,
1732091764,TooDark,9440,
1732092124,TooDark,9440,
1732092484,TooDark,9440,
1732092844,TooDark,9440,
1732093204,TooDark,9440,
1732093564,TooDark,9440,
1732093924,TooDark,9440,
1732094284,TooDark,9440,
1732094644,TooDark,9440,
1732095005,TooDark,9440,
1732095365,TooDark,9440,
1732095724,TooDark,9440,
1732096084,TooDark,9440,
1732096444,TooDark,9440,
1732096804,TooDark,9440,
1732097164,TooDark,9440,
1732097524,TooDark,9440,
1732097884,TooDark,9440,
1732098244,TooDark,9440,
1732098604,TooDark,9440,
1732098964,TooDark,9440,
1732099324,TooDark,9440,
1732099684,TooDark,9440,
1732100044,TooDark,9440,
1732100404,TooDark,9440,
1732100764,TooDark,9440,
1732101124,TooDark,9440,
1732101484,TooDark,9440,
1732101844,TooDark,9440,
1732102204,TooDark,9440,
1732102567,Flood,9584,
1732102926,NoFlood,9600,
1732103287,NoFlood,9600,
1732103646,NoFlood,9600,
1732104007,NoFlood,9600,
1732104367,NoFlood,9600,
1732104726,NoFlood,9600,
1732105087,NoFlood,9600,
1732105446,NoFlood,9600,
1732105807,NoFlood,9600,
1732106167,NoFlood,9600,
1732106526,NoFlood,9600,
1732106887,NoFlood,9600,
1732107246,NoFlood,9600,
1732107607,NoFlood,9600,
1732107967,NoFlood,9600,
1732108326,NoFlood,9600,
1732108687,NoFlood,9600,
1732109046,NoFlood,9600,
1732109407,NoFlood,9600,
1732109767,NoFlood,9600,
1732110126,NoFlood,9600,
1732110487,NoFlood,9600,
1732110846,NoFlood,9600,
1732111206,NoFlood,9600,
1732111567,NoFlood,9600,
1732111926,NoFlood,9600,
1732112286,NoFlood,9600,
1732112647,NoFlood,9600,
1732113006,NoFlood,9600,
1732113366,NoFlood,9600,
1732113727,NoFlood,9600,
1732114087,NoFlood,9600,
1732114446,NoFlood,9600,
1732114807,NoFlood,9600,
1732115167,NoFlood,9600,
1732115526,NoFlood,9600,
1732115887,NoFlood,9600,
1732116247,NoFlood,9600,
1732116606,NoFlood,9600,
1732116967,NoFlood,9600,
1732117326,NoFlood,9600,
1732117687,NoFlood,9600,
1732118047,NoFlood,9600,
1732118406,NoFlood,9600,
1732118767,NoFlood,9600,
1732119127,NoFlood,9600,
1732119487,NoFlood,9600,
1732119846,NoFlood,9600,
1732120207,NoFlood,9600,
1732120566,NoFlood,9600,
1732120926,NoFlood,9600,
1732121287,NoFlood,9600,
1732121647,NoFlood,9600,
1732122006,NoFlood,9600,
1732122367,NoFlood,9600,
1732122726,NoFlood,9600,
1732123086,NoFlood,9600,
1732123447,NoFlood,9600,
1732123806,NoFlood,9600,
1732124167,NoFlood,9600,
1732124527,NoFlood,9600,
1732124887,NoFlood,9600,
1732125246,NoFlood,9600,
1732125607,NoFlood,9600,
1732125967,NoFlood,9600,
1732126326,NoFlood,9600,
1732126687,NoFlood,9600,
1732127047,NoFlood,9600,
1732127406,NoFlood,9600,
1732127767,NoFlood,9600,
1732128126,NoFlood,9600,
1732128487,NoFlood,9600,
1732128846,NoFlood,9600,
1732129207,NoFlood,9600,
1732129566,NoFlood,9600,
1732129927,NoFlood,9600,
1732130287,NoFlood,9600,
1732130646,NoFlood,9600,
1732131006,NoFlood,9600,
1732131367,NoFlood,9600,
1732131727,NoFlood,9600,
1732132086,NoFlood,9600,
1732132447,NoFlood,9600,
1732132806,NoFlood,9600,
1732133166,NoFlood,9600,
1732133526,NoFlood,9600,
1732133886,NoFlood,9600,
1732134247,NoFlood,9600,
1732134606,NoFlood,9600,
1732134967,NoFlood,9600,
1732135326,NoFlood,9600,
1732135686,NoFlood,9600,
1732136047,NoFlood,9600,
1732136407,NoFlood,9600,
1732136766,NoFlood,9600,
1732137127,NoFlood,9600,
1732137487,NoFlood,9600,
1732137846,NoFlood,9600,
1732138207,NoFlood,9600,
1732138566,NoFlood,9600,
1732138926,NoFlood,9600,
1732139287,NoFlood,9600,
1732139646,NoFlood,9600,
1732140007,NoFlood,9600,
1732140367,NoFlood,9600,
1732140726,NoFlood,9600,
1732141086,NoFlood,9600,
1732141444,TooDark,9440,
1732141804,TooDark,9440,
1732142164,TooDark,9440,
1732142524,TooDark,9440,
1732142885,TooDark,9440,
1732143245,TooDark,9440,
1732143604,TooDark,9440,
1732143964,TooDark,9440,
1732144324,TooDark,9440,
1732144684,TooDark,9440,
1732145044,TooDark,9440,
1732145404,TooDark,9440,
1732145764,TooDark,9440,
1732146124,TooDark,9440,
1732146484,TooDark,9440,
1732146844,TooDark,9440,
1732147204,TooDark,9472,
1732147564,TooDark,9504,
1732147924,TooDark,9504,
1732148284,TooDark,9504,
1732148644,TooDark,9504,
1732149004,TooDark,9504,
1732149364,TooDark,9504,
1732149724,TooDark,9504,
1732150084,TooDark,9504,
1732150444,TooDark,9504,
1732150804,TooDark,9504,
1732151164,TooDark,9504,
1732151524,TooDark,9504,
1732151884,TooDark,9504,
1732152244,TooDark,9504,
1732152604,TooDark,9504,
1732152964,TooDark,9504,
1732153324,TooDark,9504,
1732153684,TooDark,9504,
1732154044,TooDark,9504,
1732154404,TooDark,9504,
1732154764,TooDark,9504,
1732155124,TooDark,9504,
1732155484,TooDark,9504,
1732155844,TooDark,9504,
1732156204,TooDark,9504,
1732156564,TooDark,9504,
1732156924,TooDark,9504,
1732157284,TooDark,9504,
1732157644,TooDark,9504,
1732158004,TooDark,9504,
1732158364,TooDark,9504,
1732158724,TooDark,9504,
1732159084,TooDark,9504,
1732159444,TooDark,9504,
1732159804,TooDark,9504,
1732160164,TooDark,9504,
1732160524,TooDark,9504,
1732160884,TooDark,9504,
1732161244,TooDark,9504,
1732161604,TooDark,9504,
1732161964,TooDark,9504,
1732162324,TooDark,9504,
1732162684,TooDark,9504,
1732163044,TooDark,9504,
1732163404,TooDark,9504,
1732163764,TooDark,9504,
1732164125,TooDark,9504,
1732164484,TooDark,9504,
1732164845,TooDark,9504,
1732165204,TooDark,9504,
1732165564,TooDark,9504,
1732165924,TooDark,9504,
1732166284,TooDark,9504,
1732166644,TooDark,9504,
1732167004,TooDark,9504,
1732167364,TooDark,9504,
1732167724,TooDark,9504,
1732168084,TooDark,9504,
1732168444,TooDark,9504,
1732168804,TooDark,9504,
1732169164,TooDark,9504,
1732169524,TooDark,9504,
1732169884,TooDark,9504,
1732170244,TooDark,9504,
1732170604,TooDark,9504,
1732170964,TooDark,9504,
1732171324,TooDark,9504,
1732171684,TooDark,9504,
1732172044,TooDark,9504,
1732172404,TooDark,9504,
1732172764,TooDark,9504,
1732173125,TooDark,9504,
1732173484,TooDark,9504,
1732173844,TooDark,9504,
1732174204,TooDark,9504,
1732174564,TooDark,9504,
1732174924,TooDark,9504,
1732175284,TooDark,9504,
1732175644,TooDark,9504,
1732176004,TooDark,9504,
1732176364,TooDark,9504,
1732176724,TooDark,9504,
1732177084,TooDark,9504,
1732177444,TooDark,9504,
1732177804,TooDark,9504,
1732178164,TooDark,9504,
1732178524,TooDark,9504,
1732178884,TooDark,9504,
1732179244,TooDark,9504,
1732179604,TooDark,9504,
1732179964,TooDark,9504,
1732180324,TooDark,9504,
1732180684,TooDark,9504,
1732181044,TooDark,9504,
1732181404,TooDark,9504,
1732181764,TooDark,9504,
1732182124,TooDark,9504,
1732182484,TooDark,9504,
1732182844,TooDark,9504,
1732183204,TooDark,9504,
1732183564,TooDark,9504,
1732183924,TooDark,9504,
1732184284,TooDark,9504,
1732184644,TooDark,9504,
1732185004,TooDark,9504,
1732185364,TooDark,9504,
1732185724,TooDark,9504,
1732186084,TooDark,9504,
1732186444,TooDark,9504,
1732186804,TooDark,9504,
1732187164,TooDark,9504,
1732187524,TooDark,9504,
1732187884,TooDark,9504,
1732188244,TooDark,9504,
1732188607,Flood,9648,
1732188966,NoFlood,9664,
1732189327,NoFlood,9664,
1732189686,NoFlood,9664,
1732190047,NoFlood,9664,
1732190407,NoFlood,9664,
1732190766,NoFlood,9664,
1732191127,NoFlood,9664,
1732191486,NoFlood,9664,
1732191846,NoFlood,9664,
1732192207,NoFlood,9664,
1732192566,NoFlood,9664,
1732192926,NoFlood,9664,
1732193287,NoFlood,9664,
1732193646,NoFlood,9664,
1732194007,NoFlood,9664,
1732194366,NoFlood,9664,
1732194727,NoFlood,9664,
1732195087,NoFlood,9664,
1732195446,NoFlood,9664,
1732195807,NoFlood,9664,
1732196167,NoFlood,9664,
1732196526,NoFlood,9664,
1732196886,NoFlood,9664,
1732197246,NoFlood,9664,
1732197607,NoFlood,9664,
1732197966,NoFlood,9664,
1732198327,NoFlood,9664,
1732198686,NoFlood,9664,
1732199047,NoFlood,9664,
1732199407,NoFlood,9664,
1732199766,NoFlood,9664,
1732200126,NoFlood,9664,
1732200487,NoFlood,9664,
1732200846,NoFlood,9664,
1732201207,NoFlood,9664,
1732201567,NoFlood,9664,
1732201926,NoFlood,9664,
1732202287,NoFlood,9664,
1732202646,NoFlood,9664,
1732203006,NoFlood,9664,
1732203367,NoFlood,9664,
1732203726,NoFlood,9664,
1732204086,NoFlood,9664,
1732204447,NoFlood,9664,
1732204806,NoFlood,9664,
1732205167,NoFlood,9664,
1732205526,NoFlood,9664,
1732205887,NoFlood,9664,
1732206247,NoFlood,9664,
1732206606,NoFlood,9664,
1732206967,Flood,9648,
1732207326,NoFlood,9664,
1732207687,NoFlood,9664,
1732208046,NoFlood,9664,
1732208406,NoFlood,9664,
1732208766,NoFlood,9664,
1732209127,NoFlood,9664,
1732209487,NoFlood,9664,
1732209846,NoFlood,9664,
1732210207,NoFlood,9664,
1732210567,NoFlood,9664,
1732210926,NoFlood,9664,
1732211287,NoFlood,9664,
1732211646,NoFlood,9664,
1732212007,NoFlood,9664,
1732212366,NoFlood,9664,
1732212727,NoFlood,9664,
1732213087,NoFlood,9664,
1732213446,NoFlood,9664,
1732213807,NoFlood,9664,
1732214166,NoFlood,9664,
1732214526,NoFlood,9664,
1732214887,NoFlood,9664,
1732215246,NoFlood,9664,
1732215607,NoFlood,9664,
1732215966,NoFlood,9664,
1732216326,NoFlood,9664,
1732216687,NoFlood,9664,
1732217046,NoFlood,9664,
1732217406,NoFlood,9664,
1732217767,NoFlood,9664,
1732218126,NoFlood,9664,
1732218487,NoFlood,9664,
1732218847,NoFlood,9664,
1732219206,NoFlood,9664,
1732219567,NoFlood,9664,
1732219927,NoFlood,9664,
1732220286,NoFlood,9664,
1732220647,NoFlood,9664,
1732221007,NoFlood,9664,
1732221366,NoFlood,9664,
1732221727,NoFlood,9664,
1732222086,NoFlood,9664,
1732222447,NoFlood,9664,
1732222807,NoFlood,9664,
1732223167,NoFlood,9664,
1732223527,NoFlood,9664,
1732223886,NoFlood,9664,
1732224247,NoFlood,9664,
1732224606,NoFlood,9664,
1732224966,NoFlood,9664,
1732225327,NoFlood,9664,
1732225687,NoFlood,9664,
1732226047,NoFlood,9664,
1732226406,NoFlood,9664,
1732226767,NoFlood,9664,
1732227127,NoFlood,9664,
1732227487,NoFlood,9664,
1732227847,NoFlood,9664,
1732228204,TooDark,9504,
1732228564,TooDark,9504,
1732228924,TooDark,9504,
1732229284,TooDark,9504,
1732229644,TooDark,9504,
1732230004,TooDark,9504,
1732230364,TooDark,9504,
1732230724,TooDark,9504,
1732231084,TooDark,9504,
1732231444,TooDark,9504,
1732231804,TooDark,9504,
1732232164,TooDark,9504,
1732232524,TooDark,9504,
1732232884,TooDark,9504,
1732233244,TooDark,9504,
1732233604,TooDark,9536,
1732233964,TooDark,9632,
1732234324,TooDark,9632,
1732234684,TooDark,9632,
1732235044,TooDark,9632,
1732235404,TooDark,9632,
1732235764,TooDark,9632,
1732236124,TooDark,9632,
1732236484,TooDark,9632,
1732236844,TooDark,9632,
1732237204,TooDark,9632,
1732237564,TooDark,9632,
1732237924,TooDark,9632,
1732238284,TooDark,9632,
1732238644,TooDark,9632,
1732239004,TooDark,9632,
1732239364,TooDark,9632,
1732239724,TooDark,9632,
1732240084,TooDark,9632,
1732240444,TooDark,9632,
1732240804,TooDark,9632,
1732241164,TooDark,9632,
1732241524,TooDark,9632,
1732241884,TooDark,9632,
1732242244,TooDark,9632,
1732242604,TooDark,9632,
1732242964,TooDark,9632,
1732243324,TooDark,9632,
1732243684,TooDark,9632,
1732244044,TooDark,9632,
1732244404,TooDark,9632,
1732244764,TooDark,9632,
1732245124,TooDark,9632,
1732245484,TooDark,9632,
1732245844,TooDark,9632,
1732246204,TooDark,9632,
1732246564,TooDark,9632,
1732246924,TooDark,9632,
1732247284,TooDark,9632,
1732247644,TooDark,9632,
1732248004,TooDark,9632,
1732248364,TooDark,9632,
1732248724,TooDark,9632,
1732249084,TooDark,9632,
1732249444,TooDark,9632,
1732249804,TooDark,9632,
1732250164,TooDark,9632,
1732250524,TooDark,9632,
1732250884,TooDark,9632,
1732251244,TooDark,9632,
1732251604,TooDark,9632,
1732251964,TooDark,9632,
1732252324,TooDark,9632,
1732252684,TooDark,9632,
1732253044,TooDark,9632,
1732253404,TooDark,9632,
1732253764,TooDark,9632,
1732254124,TooDark,9632,
1732254484,TooDark,9632,
1732254844,TooDark,9632,
1732255204,TooDark,9632,
1732255564,TooDark,9632,
1732255924,TooDark,9632,
1732256284,TooDark,9632,
1732256644,TooDark,9632,
1732257004,TooDark,9632,
1732257364,TooDark,9632,
1732257724,TooDark,9632,
1732258084,TooDark,9632,
1732258444,TooDark,9632,
1732258804,TooDark,9632,
1732259164,TooDark,9632,
1732259524,TooDark,9632,
1732259884,TooDark,9632,
1732260244,TooDark,9632,
1732260604,TooDark,9632,
1732260964,TooDark,9632,
1732261324,TooDark,9632,
1732261684,TooDark,9632,
1732262044,TooDark,9632,
1732262404,TooDark,9632,
1732262764,TooDark,9632,
1732263124,TooDark,9632,
1732263484,TooDark,9632,
1732263844,TooDark,9632,
1732264204,TooDark,9632,
1732264564,TooDark,9632,
1732264924,TooDark,9632,
1732265284,TooDark,9632,
1732265644,TooDark,9632,
1732266004,TooDark,9632,
1732266364,TooDark,9632,
1732266724,TooDark,9632,
1732267084,TooDark,9632,
1732267444,TooDark,9632,
1732267804,TooDark,9632,
1732268164,TooDark,9632,
1732268524,TooDark,9632,
1732268884,TooDark,9632,
1732269244,TooDark,9632,
1732269604,TooDark,9632,
1732269964,TooDark,9632,
1732270324,TooDark,9632,
1732270684,TooDark,9632,
1732271044,TooDark,9632,
1732271404,TooDark,9632,
1732271764,TooDark,9632,
1732272124,TooDark,9632,
1732272484,TooDark,9632,
1732272844,TooDark,9632,
1732273204,TooDark,9632,
1732273564,TooDark,9632,
1732273924,TooDark,9632,
1732274284,TooDark,9632,
1732274644,TooDark,9632,
1732275006,Flood,9776,
1732275367,NoFlood,9792,
1732275727,NoFlood,9792,
1732276086,NoFlood,9792,
1732276447,NoFlood,9792,
1732276807,NoFlood,9792,
1732277166,NoFlood,9792,
1732277527,NoFlood,9792,
1732277886,NoFlood,9792,
1732278247,NoFlood,9792,
1732278606,NoFlood,9792,
1732278967,NoFlood,9792,
1732279327,NoFlood,9792,
1732279686,NoFlood,9792,
1732280047,NoFlood,9792,
1732280406,NoFlood,9792,
1732280767,NoFlood,9792,
1732281127,NoFlood,9792,
1732281486,NoFlood,9792,
1732281847,NoFlood,9792,
1732282207,NoFlood,9792,
1732282566,NoFlood,9792,
1732282927,NoFlood,9792,
1732283286,NoFlood,9792,
1732283647,NoFlood,9792,
1732284007,NoFlood,9792,
1732284366,NoFlood,9792,
1732284727,NoFlood,9792,
1732285087,NoFlood,9792,
1732285446,NoFlood,9792,
1732285807,NoFlood,9792,
1732286167,NoFlood,9792,
1732286526,NoFlood,9792,
1732286887,NoFlood,9792,
1732287246,NoFlood,9792,
1732287607,NoFlood,9792,
1732287967,NoFlood,9792,
1732288326,NoFlood,9792,
1732288687,NoFlood,9792,
1732289047,NoFlood,9792,
1732289407,NoFlood,9792,
1732289766,NoFlood,9792,
1732290127,NoFlood,9792,
1732290487,NoFlood,9792,
1732290846,NoFlood,9792,
1732291206,NoFlood,9792,
1732291571,NoFlood,9792,
1732291926,NoFlood,9792,
1732292287,NoFlood,9792,
1732292646,NoFlood,9792,
1732293006,NoFlood,9792,
1732293367,NoFlood,9792,
1732293727,NoFlood,9792,
1732294086,NoFlood,9792,
1732294447,NoFlood,9792,
1732294806,NoFlood,9792,
1732295166,NoFlood,9792,
1732295527,NoFlood,9792,
1732295886,NoFlood,9792,
1732296247,NoFlood,9792,
1732296607,NoFlood,9792,
1732296966,NoFlood,9792,
1732297326,NoFlood,9792,
1732297687,NoFlood,9792,
1732298046,NoFlood,9792,
1732298406,NoFlood,9792,
1732298767,NoFlood,9792,
1732299127,NoFlood,9792,
1732299486,NoFlood,9792,
1732299847,NoFlood,9792,
1732300206,NoFlood,9792,
1732300566,NoFlood,9792,
1732300927,NoFlood,9792,
1732301287,NoFlood,9792,
1732301646,NoFlood,9792,
1732302007,NoFlood,9792,
1732302367,NoFlood,9792,
1732302726,NoFlood,9792,
1732303087,NoFlood,9792,
1732303446,NoFlood,9792,
1732303806,NoFlood,9792,
1732304167,NoFlood,9792,
1732304526,NoFlood,9792,
1732304887,NoFlood,9792,
1732305247,NoFlood,9792,
1732305606,NoFlood,9792,
1732305966,NoFlood,9792,
1732306327,NoFlood,9792,
1732306686,NoFlood,9792,
1732307047,NoFlood,9792,
1732307407,NoFlood,9792,
1732307766,NoFlood,9792,
1732308127,NoFlood,9792,
1732308486,NoFlood,9792,
1732308846,NoFlood,9792,
1732309207,NoFlood,9792,
1732309567,NoFlood,9792,
1732309926,NoFlood,9792,
1732310287,NoFlood,9792,
1732310646,NoFlood,9792,
1732311006,NoFlood,9792,
1732311367,NoFlood,9792,
1732311727,NoFlood,9792,
1732312086,NoFlood,9792,
1732312447,NoFlood,9792,
1732312807,NoFlood,9792,
1732313166,NoFlood,9792,
1732313527,NoFlood,9792,
1732313886,NoFlood,9792,
1732314247,NoFlood,9792,
1732314604,TooDark,9632,
1732314964,TooDark,9632,
1732315324,TooDark,9632,
1732315684,TooDark,9632,
1732316044,TooDark,9632,
1732316404,TooDark,9632,
1732316764,TooDark,9632,
1732317125,TooDark,9632,
1732317484,TooDark,9632,
1732317844,TooDark,9632,
1732318204,TooDark,9632,
1732318564,TooDark,9632,
1732318924,TooDark,9632,
1732319284,TooDark,9632,
1732319644,TooDark,9632,
1732320004,TooDark,9664,
1732320364,TooDark,9696,
1732320724,TooDark,9696,
1732321084,TooDark,9696,
1732321444,TooDark,9696,
1732321804,TooDark,9696,
1732322164,TooDark,9696,
1732322524,TooDark,9696,
1732322884,TooDark,9696,
1732323244,TooDark,9696,
1732323604,TooDark,9696,
1732323964,TooDark,9696,
1732324324,TooDark,9696,
1732324684,TooDark,9696,
1732325044,TooDark,9696,
1732325404,TooDark,9696,
1732325764,TooDark,9696,
1732326124,TooDark,9696,
1732326484,TooDark,9696,
1732326844,TooDark,9696,
1732327204,TooDark,9696,
1732327564,TooDark,9696,
1732327924,TooDark,9696,
1732328284,TooDark,9696,
1732328644,TooDark,9696,
1732329004,TooDark,9696,
1732329364,TooDark,9696,
1732329724,TooDark,9696,
1732330084,TooDark,9696,
1732330445,TooDark,9696,
1732330804,TooDark,9696,
1732331164,TooDark,9696,
1732331524,TooDark,9696,
1732331884,TooDark,9696,
1732332244,TooDark,9696,
1732332604,TooDark,9696,
1732332964,TooDark,9696,
1732333324,TooDark,9696,
1732333685,TooDark,9696,
1732334044,TooDark,9696,
1732334404,TooDark,9696,
1732334764,TooDark,9696,
1732335124,TooDark,9696,
1732335484,TooDark,9696,
1732335844,TooDark,9696,
1732336204,TooDark,9696,
1732336564,TooDark,9696,
1732336924,TooDark,9696,
1732337284,TooDark,9696,
1732337644,TooDark,9696,
1732338004,TooDark,9696,
1732338365,TooDark,9696,
1732338724,TooDark,9696,
1732339084,TooDark,9696,
1732339444,TooDark,9696,
1732339804,TooDark,9696,
1732340164,TooDark,9696,
1732340524,TooDark,9696,
1732340884,TooDark,9696,
1732341244,TooDark,9696,
1732341604,TooDark,9696,
1732341964,TooDark,9696,
1732342324,TooDark,9696,
1732342684,TooDark,9696,
1732343044,TooDark,9696,
1732343404,TooDark,9696,
1732343764,TooDark,9696,
1732344124,TooDark,9696,
1732344485,TooDark,9696,
1732344844,TooDark,9696,
1732345204,TooDark,9696,
1732345564,TooDark,9696,
1732345924,TooDark,9696,
1732346284,TooDark,9696,
1732346644,TooDark,9696,
1732347004,TooDark,9696,
1732347364,TooDark,9696,
1732347724,TooDark,9696,
1732348084,TooDark,9696,
1732348444,TooDark,9696,
1732348804,TooDark,9696,
1732349164,TooDark,9696,
1732349524,TooDark,9696,
1732349884,TooDark,9696,
1732350244,TooDark,9696,
1732350604,TooDark,9696,
1732350964,TooDark,9696,
1732351324,TooDark,9696,
1732351684,TooDark,9696,
1732352044,TooDark,9696,
1732352404,TooDark,9696,
1732352764,TooDark,9696,
1732353124,TooDark,9696,
1732353484,TooDark,9696,
1732353844,TooDark,9696,
1732354204,TooDark,9696,
1732354564,TooDark,9696,
1732354924,TooDark,9696,
1732355284,TooDark,9696,
1732355644,TooDark,9696,
1732356004,TooDark,9696,
1732356364,TooDark,9696,
1732356724,TooDark,9696,
1732357084,TooDark,9696,
1732357444,TooDark,9696,
1732357804,TooDark,9696,
1732358164,TooDark,9696,
1732358524,TooDark,9696,
1732358884,TooDark,9696,
1732359244,TooDark,9696,
1732359604,TooDark,9696,
1732359964,TooDark,9696,
1732360324,TooDark,9696,
1732360684,TooDark,9696,
1732361044,TooDark,9696,
1732361406,NoFlood,9856,
1732361767,NoFlood,9856,
1732362127,NoFlood,9856,
1732362487,NoFlood,9856,
1732362846,NoFlood,9856,
1732363207,NoFlood,9856,
1732363566,NoFlood,9856,
1732363927,NoFlood,9856,
1732364286,NoFlood,9856,
1732364647,NoFlood,9856,
1732365006,NoFlood,9856,
1732365367,NoFlood,9856,
1732365727,NoFlood,9856,
1732366086,NoFlood,9856,
1732366447,NoFlood,9856,
1732366806,NoFlood,9856,
1732367166,NoFlood,9856,
1732367527,NoFlood,9856,
1732367887,NoFlood,9856,
1732368246,NoFlood,9856,
1732368607,NoFlood,9856,
1732368966,NoFlood,9856,
1732369326,NoFlood,9856,
1732369687,NoFlood,9856,
1732370047,NoFlood,9856,
1732370406,NoFlood,9856,
1732370767,NoFlood,9856,
1732371126,NoFlood,9856,
1732371487,NoFlood,9856,
1732371847,NoFlood,9856,
1732372206,NoFlood,9856,
1732372567,NoFlood,9856,
1732372927,NoFlood,9856,
1732373286,NoFlood,9856,
1732373646,NoFlood,9856,
1732374007,NoFlood,9856,
1732374366,NoFlood,9856,
1732374727,NoFlood,9856,
1732375087,NoFlood,9856,
1732375446,NoFlood,9856,
1732375807,NoFlood,9856,
1732376167,NoFlood,9856,
1732376526,NoFlood,9856,
1732376887,NoFlood,9856,
1732377246,NoFlood,9856,
1732377607,NoFlood,9856,
1732377967,NoFlood,9856,
1732378326,NoFlood,9856,
1732378687,NoFlood,9856,
1732379047,NoFlood,9856,
1732379406,NoFlood,9856,
1732379767,NoFlood,9856,
1732380127,NoFlood,9856,
1732380486,NoFlood,9856,
1732380847,NoFlood,9856,
1732381207,NoFlood,9856,
1732381566,NoFlood,9856,
1732381927,NoFlood,9856,
1732382287,NoFlood,9856,
1732382646,NoFlood,9856,
1732383007,NoFlood,9856,
1732383366,NoFlood,9856,
1732383726,NoFlood,9856,
1732384087,NoFlood,9856,
1732384446,NoFlood,9856,
1732384807,NoFlood,9856,
1732385167,NoFlood,9856,
1732385526,NoFlood,9856,
1732385887,NoFlood,9856,
1732386247,NoFlood,9856,
1732386606,NoFlood,9856,
1732386967,NoFlood,9856,
1732387326,NoFlood,9856,
1732387687,NoFlood,9856,
1732388047,NoFlood,9856,
1732388406,NoFlood,9856,
1732388767,NoFlood,9856,
1732389126,NoFlood,9856,
1732389486,NoFlood,9856,
1732389847,NoFlood,9856,
1732390206,NoFlood,9856,
1732390566,NoFlood,9856,
1732390927,NoFlood,9856,
1732391287,NoFlood,9856,
1732391647,NoFlood,9856,
1732392007,NoFlood,9856,
1732392366,NoFlood,9856,
1732392727,NoFlood,9856,
1732393087,NoFlood,9856,
1732393446,NoFlood,9856,
1732393807,NoFlood,9856,
1732394166,NoFlood,9856,
1732394526,NoFlood,9856,
1732394887,NoFlood,9856,
1732395246,NoFlood,9856,
1732395606,NoFlood,9856,
1732395967,NoFlood,9856,
1732396327,NoFlood,9856,
1732396686,NoFlood,9856,
1732397047,NoFlood,9856,
1732397406,NoFlood,9856,
1732397767,NoFlood,9856,
1732398127,NoFlood,9856,
1732398486,NoFlood,9856,
1732398846,NoFlood,9856,
1732399206,NoFlood,9856,
1732399567,NoFlood,9856,
1732399926,NoFlood,9856,
1732400287,NoFlood,9856,
1732400646,NoFlood,9856,
1732401004,TooDark,9696,
1732401364,TooDark,9696,
1732401724,TooDark,9696,
1732402084,TooDark,9696,
1732402444,TooDark,9696,
1732402804,TooDark,9696,
1732403164,TooDark,9696,
1732403524,TooDark,9696,
1732403884,TooDark,9696,
1732404244,TooDark,9696,
1732404604,TooDark,9696,
1732404964,TooDark,9696,
1732405324,TooDark,9696,
1732405684,TooDark,9696,
1732406044,TooDark,9696,
1732406404,TooDark,9728,
1732406764,TooDark,9760,
1732407124,TooDark,9760,
1732407485,TooDark,9760,
1732407844,TooDark,9760,
1732408204,TooDark,9760,
1732408564,TooDark,9760,
1732408924,TooDark,9760,
1732409284,TooDark,9760,
1732409644,TooDark,9760,
1732410004,TooDark,9760,
1732410364,TooDark,9760,
1732410724,TooDark,9760,
1732411084,TooDark,9760,
1732411444,TooDark,9760,
1732411804,TooDark,9760,
1732412164,TooDark,9760,
1732412524,TooDark,9760,
1732412884,TooDark,9760,
1732413244,TooDark,9760,
1732413605,TooDark,9760,
1732413965,TooDark,9760,
1732414324,TooDark,9760,
1732414684,TooDark,9760,
1732415044,TooDark,9760,
1732415404,TooDark,9760,
1732415764,TooDark,9760,
1732416124,TooDark,9760,
1732416484,TooDark,9760,
1732416844,TooDark,9760,
1732417204,TooDark,9760,
1732417564,TooDark,9760,
1732417924,TooDark,9760,
1732418284,TooDark,9760,
1732418644,TooDark,9760,
1732419004,TooDark,9760,
1732419364,TooDark,9760,
1732419724,TooDark,9760,
1732420084,TooDark,9760,
1732420444,TooDark,9760,
1732420804,TooDark,9760,
1732421164,TooDark,9760,
1732421524,TooDark,9760,
1732421884,TooDark,9760,
1732422244,TooDark,9760,
1732422604,TooDark,9760,
1732422964,TooDark,9760,
1732423324,TooDark,9760,
1732423684,TooDark,9760,
1732424044,TooDark,9760,
1732424404,TooDark,9760,
1732424764,TooDark,9760,
1732425124,TooDark,9760,
1732425484,TooDark,9760,
1732425844,TooDark,9760,
1732426204,TooDark,9760,
1732426564,TooDark,9760,
1732426924,TooDark,9760,
1732427284,TooDark,9760,
1732427644,TooDark,9760,
1732428004,TooDark,9760,
1732428364,TooDark,9760,
1732428724,TooDark,9760,
1732429084,TooDark,9760,
1732429444,TooDark,9760,
1732429804,TooDark,9760,
1732430164,TooDark,9760,
1732430524,TooDark,9760,
1732430884,TooDark,9760,
1732431244,TooDark,9760,
1732431604,TooDark,9760,
1732431964,TooDark,9760,
1732432324,TooDark,9760,
1732432684,TooDark,9760,
1732433044,TooDark,9760,
1732433404,TooDark,9760,
1732433764,TooDark,9760,
1732434124,TooDark,9760,
1732434485,TooDark,9760,
1732434844,TooDark,9760,
1732435204,TooDark,9760,
1732435564,TooDark,9760,
1732435924,TooDark,9760,
1732436284,TooDark,9760,
1732436644,TooDark,9760,
1732437004,TooDark,9760,
1732437364,TooDark,9760,
1732437724,TooDark,9760,
1732438084,TooDark,9760,
1732438444,TooDark,9760,
1732438804,TooDark,9760,
1732439164,TooDark,9760,
1732439524,TooDark,9760,
1732439884,TooDark,9760,
1732440244,TooDark,9760,
1732440604,TooDark,9760,
1732440964,TooDark,9760,
1732441324,TooDark,9760,
1732441684,TooDark,9760,
1732442044,TooDark,9760,
1732442405,TooDark,9760,
1732442764,TooDark,9760,
1732443125,TooDark,9760,
1732443484,TooDark,9760,
1732443844,TooDark,9760,
1732444204,TooDark,9760,
1732444564,TooDark,9760,
1732444924,TooDark,9760,
1732445284,TooDark,9760,
1732445644,TooDark,9760,
1732446004,TooDark,9760,
1732446364,TooDark,9760,
1732446724,TooDark,9760,
1732447084,TooDark,9760,
1732447444,TooDark,9760,
1732447804,TooDark,9760,
1732448166,NoFlood,9920,
1732448527,NoFlood,9920,
1732448886,NoFlood,9920,
1732449247,NoFlood,9920,
1732449606,NoFlood,9920,
1732449967,NoFlood,9920,
1732450326,NoFlood,9920,
1732450687,NoFlood,9920,
1732451047,NoFlood,9920,
1732451406,NoFlood,9920,
1732451767,NoFlood,9920,
1732452126,NoFlood,9920,
1732452487,NoFlood,9920,
1732452847,NoFlood,9920,
1732453206,NoFlood,9920,
1732453566,NoFlood,9920,
1732453927,NoFlood,9920,
1732454286,NoFlood,9920,
1732454647,NoFlood,9920,
1732455007,NoFlood,9920,
1732455367,NoFlood,9920,
1732455727,NoFlood,9920,
1732456086,NoFlood,9920,
1732456447,NoFlood,9920,
1732456807,NoFlood,9920,
1732457167,NoFlood,9920,
1732457527,NoFlood,9920,
1732457887,NoFlood,9920,
1732458247,NoFlood,9920,
1732458606,NoFlood,9920,
1732458967,NoFlood,9920,
1732459326,NoFlood,9920,
1732459686,NoFlood,9920,
1732460047,NoFlood,9920,
1732460406,NoFlood,9920,
1732460766,NoFlood,9920,
1732461127,NoFlood,9920,
1732461487,NoFlood,9920,
1732461846,NoFlood,9920,
1732462207,NoFlood,9920,
1732462567,NoFlood,9920,
1732462926,NoFlood,9920,
1732463287,NoFlood,9920,
1732463647,NoFlood,9920,
1732464006,NoFlood,9920,
1732464367,NoFlood,9920,
1732464727,NoFlood,9920,
1732465086,NoFlood,9920,
1732465447,NoFlood,9920,
1732465807,NoFlood,9920,
1732466166,NoFlood,9920,
1732466527,NoFlood,9920,
1732466887,NoFlood,9920,
1732467247,NoFlood,9920,
1732467606,NoFlood,9920,
1732467966,NoFlood,9920,
1732468327,NoFlood,9920,
1732468687,NoFlood,9920,
1732469046,NoFlood,9920,
1732469407,NoFlood,9920,
1732469767,NoFlood,9920,
1732470126,NoFlood,9920,
1732470487,NoFlood,9920,
1732470847,NoFlood,9920,
1732471206,NoFlood,9920,
1732471566,NoFlood,9920,
1732471926,NoFlood,9920,
1732472287,NoFlood,9920,
1732472647,NoFlood,9920,
1732473006,NoFlood,9920,
1732473367,NoFlood,9920,
1732473726,NoFlood,9920,
1732474087,NoFlood,9920,
1732474446,NoFlood,9920,
1732474807,NoFlood,9920,
1732475167,NoFlood,9920,
1732475526,NoFlood,9920,
1732475887,NoFlood,9920,
1732476247,NoFlood,9920,
1732476606,NoFlood,9920,
1732476966,NoFlood,9920,
1732477327,Flood,9904,
1732477687,Flood,9904,
1732478046,NoFlood,9920,
1732478407,NoFlood,9920,
1732478766,NoFlood,9920,
1732479126,NoFlood,9920,
1732479487,NoFlood,9920,
1732479847,NoFlood,9920,
1732480206,NoFlood,9920,
1732480567,NoFlood,9920,
1732480927,NoFlood,9920,
1732481286,NoFlood,9920,
1732481646,NoFlood,9920,
1732482007,NoFlood,9920,
1732482366,NoFlood,9920,
1732482726,NoFlood,9920,
1732483087,NoFlood,9920,
1732483447,NoFlood,9920,
1732483807,NoFlood,9920,
1732484166,NoFlood,9920,
1732484526,NoFlood,9920,
1732484887,NoFlood,9920,
1732485246,NoFlood,9920,
1732485606,NoFlood,9920,
1732485967,NoFlood,9920,
1732486326,NoFlood,9920,
1732486687,NoFlood,9920,
1732487044,TooDark,9760,
1732487404,TooDark,9760,
1732487764,TooDark,9760,
1732488124,TooDark,9760,
1732488484,TooDark,9760,
1732488844,TooDark,9760,
1732489204,TooDark,9760,
1732489564,TooDark,9760,
1732489924,TooDark,9760,
1732490284,TooDark,9760,
1732490644,TooDark,9760,
1732491004,TooDark,9760,
1732491364,TooDark,9760,
1732491724,TooDark,9760,
1732492084,TooDark,9760,
1732492444,TooDark,9760,
1732492804,TooDark,9792,
1732493164,TooDark,9824,
1732493524,TooDark,9824,
1732493884,TooDark,9824,
1732494244,TooDark,9824,
1732494604,TooDark,9824,
1732494964,TooDark,9824,
1732495324,TooDark,9824,
1732495684,TooDark,9824,
1732496045,TooDark,9824,
1732496404,TooDark,9824,
1732496764,TooDark,9824,
1732497124,TooDark,9824,
1732497484,TooDark,9824,
1732497844,TooDark,9824,
1732498204,TooDark,9824,
1732498564,TooDark,9824,
1732498924,TooDark,9824,
1732499284,TooDark,9824,
1732499644,TooDark,9824,
1732500004,TooDark,9824,
1732500364,TooDark,9824,
1732500724,TooDark,9824,
1732501084,TooDark,9824,
1732501445,TooDark,9824,
1732501804,TooDark,9824,
1732502164,TooDark,9824,
1732502524,TooDark,9824,
1732502884,TooDark,9824,
1732503244,TooDark,9824,
1732503604,TooDark,9824,
1732503964,TooDark,9824,
1732504324,TooDark,9824,
1732504684,TooDark,9824,
1732505044,TooDark,9824,
1732505404,TooDark,9824,
1732505764,TooDark,9824,
1732506124,TooDark,9824,
1732506484,TooDark,9824,
1732506844,TooDark,9824,
1732507204,TooDark,9824,
1732507564,TooDark,9824,
1732507924,TooDark,9824,
1732508284,TooDark,9824,
1732508644,TooDark,9824,
1732509004,TooDark,9824,
1732509364,TooDark,9824,
1732509724,TooDark,9824,
1732510084,TooDark,9824,
1732510444,TooDark,9824,
1732510804,TooDark,9824,
1732511164,TooDark,9824,
1732511524,TooDark,9824,
1732511884,TooDark,9824,
1732512244,TooDark,9824,
1732512604,TooDark,9824,
1732512964,TooDark,9824,
1732513324,TooDark,9824,
1732513684,TooDark,9824,
1732514044,TooDark,9824,
1732514404,TooDark,9824,
1732514764,TooDark,9824,
1732515124,TooDark,9824,
1732515484,TooDark,9824,
1732515844,TooDark,9824,
1732516204,TooDark,9824,
1732516564,TooDark,9824,
1732516924,TooDark,9824,
1732517284,TooDark,9824,
1732517644,TooDark,9824,
1732518004,TooDark,9824,
1732518365,TooDark,9824,
1732518724,TooDark,9824,
1732519084,TooDark,9824,
1732519444,TooDark,9824,
1732519804,TooDark,9824,
1732520164,TooDark,9824,
1732520524,TooDark,9824,
1732520884,TooDark,9824,
1732521244,TooDark,9824,
1732521604,TooDark,9824,
1732521964,TooDark,9824,
1732522324,TooDark,9824,
1732522684,TooDark,9824,
1732523044,TooDark,9824,
1732523404,TooDark,9824,
1732523764,TooDark,9824,
1732524124,TooDark,9824,
1732524484,TooDark,9824,
1732524844,TooDark,9824,
1732525204,TooDark,9824,
1732525564,TooDark,9824,
1732525924,TooDark,9824,
1732526284,TooDark,9824,
1732526644,TooDark,9824,
1732527004,TooDark,9824,
1732527364,TooDark,9824,
1732527724,TooDark,9824,
1732528084,TooDark,9824,
1732528444,TooDark,9824,
1732528804,TooDark,9824,
1732529164,TooDark,9824,
1732529524,TooDark,9824,
1732529884,TooDark,9824,
1732530244,TooDark,9824,
1732530604,TooDark,9824,
1732530964,TooDark,9824,
1732531324,TooDark,9824,
1732531684,TooDark,9824,
1732532044,TooDark,9824,
1732532404,TooDark,9824,
1732532764,TooDark,9824,
1732533124,TooDark,9824,
1732533484,TooDark,9824,
1732533844,TooDark,9824,
1732534204,TooDark,9824,
1732534566,NoFlood,9984,
1732534927,NoFlood,9984,
1732535286,NoFlood,9984,
1732535647,NoFlood,9984,
1732536006,NoFlood,9984,
1732536367,NoFlood,9984,
1732536726,NoFlood,9984,
1732537086,NoFlood,9984,
1732537447,NoFlood,9984,
1732537807,NoFlood,9984,
1732538167,NoFlood,9984,
1732538527,NoFlood,9984,
1732538886,NoFlood,9984,
1732539247,NoFlood,9984,
1732539606,NoFlood,9984,
1732539967,NoFlood,9984,
1732540327,NoFlood,9984,
1732540686,NoFlood,9984,
1732541047,NoFlood,9984,
1732541406,NoFlood,9984,
1732541767,NoFlood,9984,
1732542126,NoFlood,9984,
1732542487,NoFlood,9984,
1732542847,NoFlood,9984,
1732543206,NoFlood,9984,
1732543567,NoFlood,9984,
1732543926,NoFlood,9984,
1732544286,NoFlood,9984,
1732544647,NoFlood,9984,
1732545006,NoFlood,9984,
1732545366,NoFlood,9984,
1732545727,NoFlood,9984,
1732546086,NoFlood,9984,
1732546447,NoFlood,9984,
1732546807,NoFlood,9984,
1732547166,NoFlood,9984,
1732547526,NoFlood,9984,
1732547887,NoFlood,9984,
1732548251,NoFlood,9984,
1732548606,NoFlood,9984,
1732548967,NoFlood,9984,
1732549327,NoFlood,9984,
1732549686,NoFlood,9984,
1732550047,NoFlood,9984,
1732550406,NoFlood,9984,
1732550767,NoFlood,9984,
1732551126,NoFlood,9984,
1732551486,NoFlood,9984,
1732551847,NoFlood,9984,
1732552206,NoFlood,9984,
1732552567,NoFlood,9984,
1732552927,NoFlood,9984,
1732553286,NoFlood,9984,
1732553646,NoFlood,9984,
1732554007,NoFlood,9984,
1732554366,NoFlood,9984,
1732554726,NoFlood,9984,
1732555087,Flood,9968,
1732555447,NoFlood,9984,
1732555807,NoFlood,9984,
1732556167,NoFlood,9984,
1732556526,NoFlood,9984,
1732556887,NoFlood,9984,
1732557246,NoFlood,9984,
1732557607,NoFlood,9984,
1732557966,NoFlood,9984,
1732558327,NoFlood,9984,
1732558687,NoFlood,9984,
1732559046,NoFlood,9984,
1732559407,NoFlood,9984,
1732559766,NoFlood,9984,
1732560127,NoFlood,9984,
1732560487,NoFlood,9984,
1732560847,NoFlood,9984,
1732561206,NoFlood,9984,
1732561567,NoFlood,9984,
1732561927,NoFlood,9984,
1732562286,NoFlood,9984,
1732562647,NoFlood,9984,
1732563006,NoFlood,9984,
1732563367,NoFlood,9984,
1732563726,NoFlood,9984,
1732564087,NoFlood,9984,
1732564447,NoFlood,9984,
1732564806,NoFlood,9984,
1732565167,NoFlood,9984,
1732565526,NoFlood,9984,
1732565887,NoFlood,9984,
1732566247,NoFlood,9984,
1732566606,NoFlood,9984,
1732566967,NoFlood,9984,
1732567327,NoFlood,9984,
1732567686,NoFlood,9984,
1732568047,NoFlood,9984,
1732568406,NoFlood,9984,
1732568766,NoFlood,9984,
1732569127,NoFlood,9984,
1732569487,NoFlood,9984,
1732569846,NoFlood,9984,
1732570207,NoFlood,9984,
1732570567,NoFlood,9984,
1732570926,NoFlood,9984,
1732571287,NoFlood,9984,
1732571646,NoFlood,9984,
1732572007,NoFlood,9984,
1732572367,NoFlood,9984,
1732572726,NoFlood,9984,
1732573086,NoFlood,9984,
1732573444,TooDark,9824,
1732573804,TooDark,9824,
1732574164,TooDark,9824,
1732574524,TooDark,9824,
1732574884,TooDark,9824,
1732575244,TooDark,9824,
1732575604,TooDark,9824,
1732575964,TooDark,9824,
1732576324,TooDark,9824,
1732576684,TooDark,9824,
1732577044,TooDark,9824,
1732577404,TooDark,9824,
1732577764,TooDark,9824,
1732578124,TooDark,9824,
1732578484,TooDark,9824,
1732578844,TooDark,9824,
1732579204,TooDark,9856,
1732579564,TooDark,9888,
1732579924,TooDark,9888,
1732580284,TooDark,9888,
1732580644,TooDark,9888,
1732581004,TooDark,9888,
1732581364,TooDark,9888,
1732581724,TooDark,9888,
1732582084,TooDark,9888,
1732582444,TooDark,9888,
1732582804,TooDark,9888,
1732583164,TooDark,9888,
1732583524,TooDark,9888,
1732583884,TooDark,9888,
1732584244,TooDark,9888,
1732584604,TooDark,9888,
1732584964,TooDark,9888,
1732585324,TooDark,9888,
1732585685,TooDark,9888,
1732586044,TooDark,9888,
1732586404,TooDark,9888,
1732586764,TooDark,9888,
1732587124,TooDark,9888,
1732587484,TooDark,9888,
1732587844,TooDark,9888,
1732588204,TooDark,9888,
1732588564,TooDark,9888,
1732588924,TooDark,9888,
1732589284,TooDark,9888,
1732589644,TooDark,9888,
1732590004,TooDark,9888,
1732590364,TooDark,9888,
1732590724,TooDark,9888,
1732591084,TooDark,9888,
1732591444,TooDark,9888,
1732591804,TooDark,9888,
1732592164,TooDark,9888,
1732592524,TooDark,9888,
1732592884,TooDark,9888,
1732593244,TooDark,9888,
1732593604,TooDark,9888,
1732593964,TooDark,9888,
1732594324,TooDark,9888,
1732594684,TooDark,9888,
1732595044,TooDark,9888,
1732595404,TooDark,9888,
1732595764,TooDark,9888,
1732596124,TooDark,9888,
1732596484,TooDark,9888,
1732596844,TooDark,9888,
1732597204,TooDark,9888,
1732597564,TooDark,9888,
1732597924,TooDark,9888,
1732598284,TooDark,9888,
1732598644,TooDark,9888,
1732599004,TooDark,9888,
1732599364,TooDark,9888,
1732599724,TooDark,9888,
1732600084,TooDark,9888,
1732600444,TooDark,9888,
1732600805,TooDark,9888,
1732601164,TooDark,9888,
1732601524,TooDark,9888,
1732601884,TooDark,9888,
1732602244,TooDark,9888,
1732602604,TooDark,9888,
1732602964,TooDark,9888,
1732603324,TooDark,9888,
1732603684,TooDark,9888,
1732604044,TooDark,9888,
1732604404,TooDark,9888,
1732604764,TooDark,9888,
1732605124,TooDark,9888,
1732605484,TooDark,9888,
1732605844,TooDark,9888,
1732606204,TooDark,9888,
1732606564,TooDark,9888,
1732606924,TooDark,9888,
1732607284,TooDark,9888,
1732607644,TooDark,9888,
1732608004,TooDark,9888,
1732608364,TooDark,9888,
1732608724,TooDark,9888,
1732609085,TooDark,9888,
1732609444,TooDark,9888,
1732609804,TooDark,9888,
1732610165,TooDark,9888,
1732610524,TooDark,9888,
1732610884,TooDark,9888,
1732611244,TooDark,9888,
1732611604,TooDark,9888,
1732611964,TooDark,9888,
1732612324,TooDark,9888,
1732612684,TooDark,9888,
1732613044,TooDark,9888,
1732613404,TooDark,9888,
1732613764,TooDark,9888,
1732614124,TooDark,9888,
1732614484,TooDark,9888,
1732614844,TooDark,9888,
1732615204,TooDark,9888,
1732615564,TooDark,9888,
1732615924,TooDark,9888,
1732616285,TooDark,9888,
1732616644,TooDark,9888,
1732617004,TooDark,9888,
1732617364,TooDark,9888,
1732617724,TooDark,9888,
1732618084,TooDark,9888,
1732618444,TooDark,9888,
1732618804,TooDark,9888,
1732619164,TooDark,9888,
1732619524,TooDark,9888,
1732619884,TooDark,9888,
1732620244,TooDark,9888,
1732620604,TooDark,9888,
1732620967,NoFlood,10048,
1732621326,NoFlood,10048,
1732621687,NoFlood,10048,
1732622047,NoFlood,10048,
1732622406,NoFlood,10048,
1732622767,NoFlood,10048,
1732623126,NoFlood,10048,
1732623486,NoFlood,10048,
1732623847,NoFlood,10048,
1732624206,NoFlood,10048,
1732624567,NoFlood,10048,
1732624926,NoFlood,10048,
1732625286,NoFlood,10048,
1732625647,NoFlood,10048,
1732626006,NoFlood,10048,
1732626367,NoFlood,10048,
1732626727,NoFlood,10048,
1732627086,NoFlood,10048,
1732627447,NoFlood,10048,
1732627807,NoFlood,10048,
1732628166,NoFlood,10048,
1732628527,NoFlood,10048,
1732628887,NoFlood,10048,
1732629246,NoFlood,10048,
1732629607,NoFlood,10048,
1732629966,NoFlood,10048,
1732630327,NoFlood,10048,
1732630687,NoFlood,10048,
1732631046,NoFlood,10048,
1732631407,NoFlood,10048,
1732631767,NoFlood,10048,
1732632126,NoFlood,10048,
1732632487,NoFlood,10048,
1732632846,NoFlood,10048,
1732633207,NoFlood,10048,
1732633567,NoFlood,10048,
1732633926,NoFlood,10048,
1732634287,NoFlood,10048,
1732634646,NoFlood,10048,
1732635007,NoFlood,10048,
1732635366,NoFlood,10048,
1732635726,NoFlood,10048,
1732636087,NoFlood,10048,
1732636446,NoFlood,10048,
1732636806,NoFlood,10048,
1732637167,NoFlood,10048,
1732637527,NoFlood,10048,
1732637886,NoFlood,10048,
1732638247,NoFlood,10048,
1732638607,NoFlood,10048,
1732638966,NoFlood,10048,
1732639326,NoFlood,10048,
1732639687,NoFlood,10048,
1732640046,NoFlood,10048,
1732640407,NoFlood,10048,
1732640766,NoFlood,10048,
1732641127,NoFlood,10048,
1732641487,NoFlood,10048,
1732641846,NoFlood,10048,
1732642207,NoFlood,10048,
1732642566,NoFlood,10048,
1732642926,NoFlood,10048,
1732643287,NoFlood,10048,
1732643646,NoFlood,10048,
1732644007,NoFlood,10048,
1732644366,NoFlood,10048,
1732644726,NoFlood,10048,
1732645087,NoFlood,10048,
1732645446,NoFlood,10048,
1732645807,NoFlood,10048,
1732646166,NoFlood,10048,
1732646526,NoFlood,10048,
1732646887,NoFlood,10048,
1732647247,NoFlood,10048,
1732647606,NoFlood,10048,
1732647967,NoFlood,10048,
1732648327,NoFlood,10048,
1732648686,NoFlood,10048,
1732649047,NoFlood,10048,
1732649406,NoFlood,10048,
1732649766,NoFlood,10048,
1732650127,NoFlood,10048,
1732650486,NoFlood,10048,
